granule,cloud_optical_thickness_mean,cloud_optical_thickness_std,cloud_effective_radius_mean,cloud_water_path_mean,cloud_top_temperature_mean,cloud_top_pressure_mean,date,cloud_seeding_label,split,ensemble_prob_not_seedable,ensemble_prob_glaciogenic,ensemble_prob_hygroscopic,ensemble_demo_flag
MOD06_L2.A2024182.0240.061.2024182132326.hdf,40.50758351716431,52.158623482761215,13.512810962644703,285.70831097132856,265.7482183903303,758.7114879988656,2024-06-30,1,train,0.0,0.999533871971932,0.00046612802806800165,1
MOD06_L2.A2024182.1740.061.2024183020631.hdf,13.045806321029096,18.530763743450024,17.39940694878413,123.2225339146346,263.28726151236333,705.6581406079679,2024-06-30,1,train,0.0,0.977834434352012,0.022165565647988078,1
MOD06_L2.A2024182.1745.061.2024183020653.hdf,17.064960457365185,21.55860560608604,22.5063475798332,222.95146910063613,255.67377615493388,520.5252011230784,2024-06-30,1,train,0.0,0.9995696160583228,0.0004303839416772546,1
MOD06_L2.A2024182.1920.061.2024183075901.hdf,14.853609909734235,17.983937405671618,17.202567319325414,149.00075591829577,266.6389801752412,681.3351067616267,2024-06-30,1,train,0.0,0.7244089028060081,0.2755910971939919,1
MOD06_L2.A2024182.1925.061.2024183080250.hdf,10.326432420925569,7.203071340335352,14.850099249313438,97.85707198081614,280.1016793744293,905.3617384192509,2024-06-30,2,train,0.0,0.08467029990510015,0.9153297000948999,1
MOD06_L2.A2024183.0320.061.2024183132516.hdf,44.75744355732523,56.58769555980575,18.20830911878378,420.48044758903376,263.42576490328247,678.7925957393869,2024-07-01,1,train,0.0,0.9995076573703466,0.0004923426296534008,1
MOD06_L2.A2024183.1645.061.2024184020330.hdf,22.6719498554464,27.993015457776067,23.85381036101893,336.6790122989679,250.341162296545,502.7522383347763,2024-07-01,1,train,0.0,0.9995534310153302,0.00044656898466976266,1
MOD06_L2.A2024183.1650.061.2024184015844.hdf,20.91022153898312,26.846958728137945,22.783771907379183,265.82015944995743,257.02051882255,474.5119643649765,2024-07-01,1,train,0.0,0.9994973299583959,0.0005026700416040421,1
MOD06_L2.A2024183.1820.061.2024184080137.hdf,16.79955112743452,20.61518542855724,17.994579898164872,167.5830819502703,257.9007503745688,626.5008125823977,2024-07-01,1,train,0.0,0.9997054934253664,0.0002945065746335688,1
MOD06_L2.A2024183.1825.061.2024184080334.hdf,15.447991040107183,17.370375826448544,17.365092022877537,164.2824799357465,268.0731396899628,691.4154935309065,2024-07-01,1,train,0.0,0.7094234993722454,0.2905765006277547,1
MOD06_L2.A2024183.2000.061.2024184080352.hdf,18.46683280112753,20.33961736780587,15.549956449889876,169.2967153001515,263.78350886502994,665.9296714893879,2024-07-01,1,train,0.0,0.9995480586776504,0.000451941322349612,1
MOD06_L2.A2024184.0540.061.2024184133004.hdf,30.65859062557021,45.66302399914481,17.00280105675398,251.51205088104004,257.70529510617234,627.674477642739,2024-07-02,1,train,0.0,0.9995479927506616,0.0004520072493383842,1
MOD06_L2.A2024184.1725.061.2024185020035.hdf,22.563083983017595,24.69060687140808,18.872113872099348,260.1979371144465,261.2026161770391,603.5888020229278,2024-07-02,1,train,0.0,0.9994506698132609,0.0005493301867391355,1
MOD06_L2.A2024184.1730.061.2024185015144.hdf,18.13158381664983,19.73279369444515,15.45209065033286,181.4873422414688,271.5421858815953,640.5104906874964,2024-07-02,1,train,0.0,0.7212773293156934,0.27872267068430656,1
MOD06_L2.A2024184.1900.061.2024185075330.hdf,15.471753149725672,18.384491696551382,17.061599357281217,148.85406185070346,260.8724382510627,690.7296623585329,2024-07-02,1,train,0.0,0.9999062888789914,9.371112100865153e-05,1
MOD06_L2.A2024184.1905.061.2024185075607.hdf,17.980979127156164,17.35835260825947,15.498813485813043,174.7019470615774,267.419419755377,718.0747193980167,2024-07-02,1,train,0.0,0.943810680449542,0.056189319550458125,1
MOD06_L2.A2024184.2040.061.2024185075438.hdf,15.844550413835254,17.86058301236636,20.96887095138367,188.4694574910323,254.63807790277133,583.976824086704,2024-07-02,1,train,0.0,0.999686200116997,0.00031379988300291766,1
MOD06_L2.A2024185.0620.061.2024185192544.hdf,50.12711886553981,59.03299499532086,23.97344804611796,565.0655087235505,251.4270843618342,535.211405392663,2024-07-03,1,train,0.0,0.9995186892038995,0.00048131079610052365,1
MOD06_L2.A2024185.1625.061.2024186020201.hdf,24.80771446699829,27.65888213706627,19.9605085810881,279.5786546274309,256.0167215360543,619.6495403411027,2024-07-03,1,train,0.0,0.9995785636967253,0.00042143630327475256,1
MOD06_L2.A2024185.1630.061.2024186015511.hdf,21.14313191535133,22.89521333994,22.192736606810733,256.4741945809037,257.4993187422515,513.902993108086,2024-07-03,1,train,0.0,0.999504523744918,0.0004954762550820254,1
MOD06_L2.A2024185.1805.061.2024186075446.hdf,17.94249530640548,19.21690144132489,18.12115691957156,172.41104577571164,262.3448717786032,641.4536971539554,2024-07-03,1,train,0.0,0.9995934763307418,0.0004065236692582535,1
MOD06_L2.A2024185.1810.061.2024186075413.hdf,11.204552076917825,11.757024249904674,13.72023300749266,109.41976112507902,277.9265689249023,820.1287026999868,2024-07-03,0,train,1.0,0.0,0.0,0
MOD06_L2.A2024185.1945.061.2024186080209.hdf,16.58102785934045,14.957729384444624,15.303369329724314,158.23890503897738,267.0079013511295,722.2172444911007,2024-07-03,1,train,0.0,0.8597386218184213,0.14026137818157874,1
MOD06_L2.A2024185.2120.061.2024186075758.hdf,20.184355199491023,21.80352030167482,19.886691638239387,236.72612816727707,253.8040851792939,584.3183282384292,2024-07-03,1,train,0.0,0.9996049824248507,0.0003950175751493076,1
MOD06_L2.A2024187.0245.061.2024187150650.hdf,42.57472138938255,53.87586112278121,20.300517436818872,385.9922413219685,256.3115710874372,621.8934025817844,2024-07-05,1,train,0.0,0.9995479708190649,0.00045202918093511813,1
MOD06_L2.A2024187.1745.061.2024188015827.hdf,15.333645403813591,17.374338405185416,20.312503882484744,177.08074276689717,259.8908604479675,645.0859235382042,2024-07-05,1,train,0.0,0.9998083303647172,0.00019166963528283385,1
MOD06_L2.A2024187.1750.061.2024188015523.hdf,14.362697811247694,21.28238387376761,19.514932118327188,177.07300033991092,276.4939158017951,732.325126992651,2024-07-05,2,train,0.0,0.0446126734296009,0.9553873265703992,1
MOD06_L2.A2024187.1925.061.2024188080157.hdf,17.423544086455156,18.10652380929305,20.234803793298365,199.2813212821877,259.7203932506436,611.2079239329387,2024-07-05,1,train,0.0,0.9995990253873537,0.000400974612646405,1
MOD06_L2.A2024187.1930.061.2024188075757.hdf,10.840268557168928,10.424640561453687,14.517079767563752,105.20327997936435,279.5893123957994,885.8489841867466,2024-07-05,2,train,0.0,0.0825008115968828,0.9174991884031172,1
MOD06_L2.A2024188.1650.061.2024190040213.hdf,13.46614075178678,18.7702204552483,19.75372059432933,159.71501501538265,269.9366707478948,734.3355138229654,2024-07-06,1,train,0.02846516652347975,0.7748083390873342,0.19672649438918616,1
MOD06_L2.A2024188.1655.061.2024190035830.hdf,14.885519854871989,24.93170450231532,22.600810787459373,218.4676284241257,269.07911977724325,629.8472712754344,2024-07-06,1,train,0.0,0.9993643058373616,0.0006356941626384714,1
MOD06_L2.A2024188.1825.061.2024190040351.hdf,13.10808741776318,15.071717571154826,19.363134899594662,152.3373729707385,264.7001587934428,725.374855662123,2024-07-06,1,train,0.0,0.9447942083845409,0.0552057916154591,1
MOD06_L2.A2024188.1830.061.2024190035946.hdf,11.495231147776527,13.461307635417272,16.180290190025318,110.90718632826056,273.760715795579,736.75769329413,2024-07-06,2,train,0.0,0.05466036579230168,0.9453396342076984,1
MOD06_L2.A2024188.2005.061.2024190041034.hdf,18.51112100572633,20.54599541709529,21.12965789728506,221.213280786396,260.223764360102,643.5046526880856,2024-07-06,1,train,0.0,0.9996562727326012,0.00034372726739884086,1
MOD06_L2.A2024189.0545.061.2024190034219.hdf,39.8725980716184,51.83613525989318,18.41368957491717,394.56952680392726,257.4857090395144,634.1711865209812,2024-07-07,1,train,0.0,0.9995272973950806,0.0004727026049194017,1
MOD06_L2.A2024189.1730.061.2024190034810.hdf,12.670066081120776,15.511833968901389,21.6867313337622,162.5225470999631,268.99061931098186,719.650596631406,2024-07-07,1,train,0.0,0.8905493207720431,0.10945067922795693,1
MOD06_L2.A2024189.1735.061.2024190040724.hdf,14.106241023650954,12.510614138236734,16.11202702948977,138.39156227398456,273.72191588116584,709.8281700154199,2024-07-07,2,train,0.0,0.05204229120978492,0.9479577087902151,1
MOD06_L2.A2024189.1905.061.2024190082210.hdf,14.428828050696024,17.043072336803778,19.86577387139726,176.6964172155756,263.30361653715227,709.0409436314274,2024-07-07,1,train,0.0,0.9999582779721988,4.172202780120372e-05,1
MOD06_L2.A2024189.1910.061.2024190081733.hdf,11.552339632740305,14.101064490405577,14.60957022823484,105.51817369535712,273.91534452358064,799.4170773198014,2024-07-07,2,train,0.0,0.08726375185925578,0.9127362481407442,1
MOD06_L2.A2024189.2045.061.2024190081956.hdf,14.84023698743695,14.467189439088168,17.458203543396525,156.1054561897846,263.51371678255964,709.8191385928615,2024-07-07,1,train,0.0,0.9554711297726756,0.04452887022732445,1
MOD06_L2.A2024190.0625.061.2024190192910.hdf,31.803886685784445,45.99384234288994,18.074685580402512,302.3967977193977,260.6061355653273,683.0602101556419,2024-07-08,1,train,0.0,0.9995510199875047,0.0004489800124953016,1
MOD06_L2.A2024190.1630.061.2024191020147.hdf,14.214706249935867,15.783290755515123,19.16434106058,159.66258555086148,263.36400196931027,706.4898998199347,2024-07-08,1,train,0.0,0.9902175493643075,0.009782450635692523,1
MOD06_L2.A2024190.1635.061.2024191015829.hdf,10.736021483319012,14.35827698000722,21.474044687710304,126.85690850169786,264.66521997140626,605.2005370434803,2024-07-08,1,train,0.0,0.9998487077293169,0.00015129227068306974,1
MOD06_L2.A2024190.1810.061.2024194152719.hdf,13.836451281645765,16.626828607572445,17.198580997751424,144.1555762871799,270.6907736759931,716.3843524379259,2024-07-08,1,train,0.0,0.706391161410492,0.293608838589508,1
MOD06_L2.A2024190.1815.061.2024194152422.hdf,10.83926205371071,9.094255209492038,11.274437842919262,79.18665661785816,283.1411806893248,897.3839846073379,2024-07-08,0,train,0.9997836724948407,5.041748916580036e-05,0.00016591001599348813,0
MOD06_L2.A2024190.1950.061.2024194153345.hdf,14.295505264823545,14.072329297478152,19.84541627926908,178.72426535220595,263.5843816547931,666.3512519210899,2024-07-08,1,train,0.0,0.999136277096156,0.0008637229038439795,1
MOD06_L2.A2024190.2125.061.2024194152935.hdf,17.18512081733539,18.87570791313151,20.4752279225975,213.2208269187164,257.0150254818727,639.962101671244,2024-07-08,1,train,0.0,0.9997107898950752,0.0002892101049248676,1
MOD06_L2.A2024191.0210.061.2024194171438.hdf,29.190731197653395,44.39402751001739,17.745259090243582,240.03155807822296,265.50568455890425,762.6519153940675,2024-07-09,1,train,0.0,0.9995674693391252,0.0004325306608747585,1
MOD06_L2.A2024191.1710.061.2024194163456.hdf,10.713470272944166,12.217563678845002,19.42182695633916,119.07640130150804,263.4233758134651,710.7857141920985,2024-07-09,1,train,0.0,0.9439661279964965,0.05603387200350352,1
MOD06_L2.A2024191.1715.061.2024194165936.hdf,15.581643700834272,18.56603421057169,19.98516078540677,177.97612688579883,273.3195106655494,692.991649537065,2024-07-09,2,train,0.0,0.055055392359192934,0.944944607640807,1
MOD06_L2.A2024191.1850.061.2024194163550.hdf,15.381476243544618,19.094049716474952,20.901281911773708,176.91729684574682,258.2477324988995,586.9110344624752,2024-07-09,1,train,0.0,0.9996595139529444,0.00034048604705563075,1
MOD06_L2.A2024191.1855.061.2024194164326.hdf,9.863448591815636,11.00672251785356,13.710140388414052,100.37202909330286,280.2775491577195,869.5386588528814,2024-07-09,0,train,1.0,0.0,0.0,0
MOD06_L2.A2024194.0550.061.2024194165851.hdf,28.416669489161787,45.38217275394078,22.461168759549967,286.1019131807579,261.76522697052314,661.6745065557027,2024-07-12,1,train,0.0,0.9995830031369759,0.0004169968630241482,1
MOD06_L2.A2024194.1735.061.2024195030044.hdf,26.375162550958223,29.930072975355085,18.746309528316942,254.5216661774731,258.7958442867348,577.826317409039,2024-07-12,1,train,0.0,0.9995107550159459,0.0004892449840541743,1
MOD06_L2.A2024194.1740.061.2024195021910.hdf,18.97333849626013,12.035368094023555,13.753719164079092,161.0381094752737,273.0127969765872,688.462394571177,2024-07-12,1,train,0.0,0.7309559519152683,0.2690440480847317,1
MOD06_L2.A2024194.1915.061.2024195080605.hdf,12.319932852502657,10.172914029768402,17.32089925182432,130.57807104121594,267.95914574763265,724.3327230520889,2024-07-12,1,train,0.03082333743277133,0.7664700376452768,0.20270662492195196,1
MOD06_L2.A2024194.2050.061.2024195075721.hdf,18.85627785252496,20.547324463971258,24.08536089035045,264.38230135854786,258.2730003938341,586.4023449393485,2024-07-12,1,train,0.0,0.9995844911954623,0.00041550880453770846,1
MOD06_L2.A2024195.1635.061.2024197185246.hdf,19.723335977266974,23.83976508120915,16.80733741167613,179.12945155053427,261.7092662222167,669.6095374846143,2024-07-13,1,train,0.0,0.9996178700430725,0.0003821299569275682,1
MOD06_L2.A2024195.1640.061.2024197185050.hdf,18.926114951205392,29.341547277890133,22.718496166071787,280.482358017836,256.51153417732894,511.6755183930455,2024-07-13,1,train,0.0,0.9995201374819336,0.0004798625180664685,1
MOD06_L2.A2024195.1815.061.2024197185118.hdf,16.812723342408287,19.93427467499044,18.424498623320453,171.40817742977495,260.77822478612325,597.227824288973,2024-07-13,1,train,0.0,0.9995173079969851,0.00048269200301495033,1
MOD06_L2.A2024195.1820.061.2024197185857.hdf,15.933793387469576,11.054891055778487,14.884600121836254,147.773750978416,274.107936672548,773.9668130779737,2024-07-13,2,train,0.0,0.0948189333540885,0.9051810666459116,1
MOD06_L2.A2024195.1955.061.2024197190240.hdf,19.034088562335903,18.112075117558003,24.226554902995154,281.96424907610555,254.7092533047544,534.9512489347843,2024-07-13,1,train,0.0,0.9995543788920591,0.00044562110794091916,1
MOD06_L2.A2024195.2130.061.2024197185354.hdf,16.65886397661607,17.98739072180723,24.44432578611369,227.4605895814843,252.27797387943792,550.0146161727279,2024-07-13,1,train,0.0,0.9996536422240236,0.0003463577759763179,1
MOD06_L2.A2024196.0215.061.2024197184813.hdf,45.52782921373537,56.18656963060357,15.884764702587889,309.50953600984496,264.2318665336716,732.909225965411,2024-07-14,1,train,0.0,0.9995398731990849,0.00046012680091510387,1
MOD06_L2.A2024196.1715.061.2024197185246.hdf,19.620281262405086,18.468950163785667,14.996597090479945,168.34541433875955,266.0611138987515,702.4708938998334,2024-07-14,1,train,0.0,0.9997280629682104,0.00027193703178961243,1
MOD06_L2.A2024196.1720.061.2024197190041.hdf,14.841954504968305,20.327062758197883,22.09053821422493,169.10035730449488,256.2093185444228,511.6021360441418,2024-07-14,1,train,0.0,0.99959151097111,0.0004084890288900672,1
MOD06_L2.A2024196.1855.061.2024197185450.hdf,15.88166212818972,17.65828672507823,21.40147444872076,190.65468544664893,258.55772177336075,551.8108698278849,2024-07-14,1,train,0.0,0.999563526382691,0.00043647361730901705,1
MOD06_L2.A2024196.1900.061.2024197190644.hdf,9.588103475715377,8.772708317431547,18.18319597576743,108.5551269647304,278.48413027972856,859.2951531264104,2024-07-14,0,train,1.0,0.0,0.0,0
MOD06_L2.A2024197.0255.061.2024197184916.hdf,44.71354359830336,57.79701011743609,14.737071956842502,276.11549809869933,264.2963013827248,688.1176510373126,2024-07-15,1,train,0.0,0.9995232360508108,0.00047676394918918613,1
MOD06_L2.A2024197.1620.061.2024198041025.hdf,17.41256276225998,20.91384792112165,21.689445601009155,214.9006938190593,259.29832542170334,600.6193754600187,2024-07-15,1,train,0.0,0.9996149401108194,0.0003850598891806255,1
MOD06_L2.A2024197.1755.061.2024198043327.hdf,15.589528172626752,20.7895979836458,18.862258815106586,166.2923797134812,261.584443041882,657.4568204798059,2024-07-15,1,train,0.0,0.9998459113677649,0.00015408863223509832,1
MOD06_L2.A2024197.1800.061.2024198075513.hdf,13.194833272008042,15.992004497249605,17.352596458622823,133.12844184667668,267.5658731345193,638.7602092931702,2024-07-15,1,train,0.0,0.6509382558587156,0.34906174414128444,1
MOD06_L2.A2024197.1935.061.2024198075715.hdf,17.380430352053136,19.950123861272555,17.91257373272794,188.9566394843177,264.8674763436284,641.909334345901,2024-07-15,1,train,0.0,0.9990521261832871,0.0009478738167128949,1
MOD06_L2.A2024197.1940.061.2024198080429.hdf,12.062301659808472,9.714819266694128,21.043186925080747,159.39718120062736,261.6868677802795,617.1991357533858,2024-07-15,1,train,0.0,0.9998347024784952,0.00016529752150488917,1
MOD06_L2.A2024198.1700.061.2024199015632.hdf,13.50512036723256,14.775009142540366,18.29885562399405,146.91661772989298,274.1802581509346,764.7662893517048,2024-07-16,2,train,0.0,0.06234463845107041,0.9376553615489296,1
MOD06_L2.A2024198.1705.061.2024199015313.hdf,15.428615035744288,21.74756758217676,19.718074616956045,171.76439811069648,258.82143320873547,501.91104357640575,2024-07-16,1,train,0.0,0.9994630816464289,0.0005369183535710685,1
MOD06_L2.A2024198.1835.061.2024199074852.hdf,16.787477447496403,25.67779292350368,16.861220714446738,169.74710757285652,265.04788799958624,663.8942090455313,2024-07-16,1,train,0.0,0.9993065805442429,0.0006934194557571308,1
MOD06_L2.A2024198.1840.061.2024199075134.hdf,10.853751981348813,10.63320807878288,23.38023147803144,161.10555908086602,267.7113045574952,687.3756529056942,2024-07-16,1,train,0.0,0.9659189520005366,0.03408104799946341,1
MOD06_L2.A2024198.2015.061.2024199075452.hdf,14.144271103659236,16.735789650622745,22.67721232330468,186.19180179810544,258.002607678407,614.4418293647923,2024-07-16,1,train,0.0,0.9997360982216488,0.00026390177835129946,1
MOD06_L2.A2024199.0555.061.2024199135821.hdf,40.51773235761247,54.69275587897854,18.304311985573744,356.5673627588764,257.24164149290846,633.9166313383421,2024-07-17,1,train,0.0,0.9995413479484025,0.00045865205159747953,1
MOD06_L2.A2024199.1740.061.2024200015712.hdf,16.643178421344086,25.861477000857573,16.32883238739536,148.73499951778012,277.7466056349785,754.7231673873994,2024-07-17,2,train,0.0,0.07113274018204083,0.9288672598179591,1
MOD06_L2.A2024199.1745.061.2024200015836.hdf,14.489519266430715,17.25381102040906,16.446758700773184,150.1408762569747,270.9934340257314,668.701195415477,2024-07-17,1,train,0.0,0.6435336899738529,0.35646631002614715,1
MOD06_L2.A2024199.1915.061.2024200082209.hdf,16.780283431593276,23.312346388980128,19.255640884234776,185.1483820809677,260.91466156815113,648.873180512467,2024-07-17,1,train,0.0,0.9997188752767814,0.0002811247232186404,1
MOD06_L2.A2024199.1920.061.2024200081102.hdf,14.644559289222736,12.467524185857917,25.82850785806913,224.89091037201607,255.6585176470544,567.4915332936979,2024-07-17,1,train,0.0,0.9996541778620573,0.00034582213794270345,1
MOD06_L2.A2024199.2055.061.2024200081946.hdf,17.251555004089216,22.81322134494604,21.232691874433364,202.6566351115316,259.82590384846844,665.9542403998837,2024-07-17,1,train,0.0,0.999783121793404,0.00021687820659599763,1
MOD06_L2.A2024200.1640.061.2024201015911.hdf,17.519466494289695,20.94367513012025,16.67244003422925,159.94810341067324,269.76350276074663,743.1021216803547,2024-07-18,1,train,0.0,0.8164314594193602,0.18356854058063976,1
MOD06_L2.A2024200.1645.061.2024201020249.hdf,10.971221495147889,18.26517948258301,19.206437339783665,118.0509270685204,278.7283261359644,767.6586494734412,2024-07-18,2,train,0.0,0.05631083717398775,0.9436891628260122,1
MOD06_L2.A2024200.1820.061.2024201074858.hdf,10.92099801691689,14.569495637024708,23.62753092271242,140.07735091136016,265.03257789745294,613.645600905362,2024-07-18,1,train,0.0,0.999797266927941,0.00020273307205892553,1
MOD06_L2.A2024200.1825.061.2024201075547.hdf,9.356708080937985,7.938877902463059,16.560075349035568,96.943096879973,278.24323656630986,828.0896174065608,2024-07-18,0,train,1.0,0.0,0.0,0
MOD06_L2.A2024200.2000.061.2024201075541.hdf,15.27939589068406,12.755564614918844,19.9555997251314,171.43496591304202,259.87504752492714,625.4253807327602,2024-07-18,1,train,0.0,0.9997320321760031,0.0002679678239968533,1
MOD06_L2.A2024200.2135.061.2024201075342.hdf,13.382985541569177,15.097309664733158,17.722201135824907,126.5522548608606,264.4536024000481,715.9620040856574,2024-07-18,1,train,0.0,0.9081974977991749,0.09180250220082503,1
MOD06_L2.A2024201.0220.061.2024201133938.hdf,43.00455357363023,55.52638066683857,24.21383526644208,480.8359227675925,261.6446151159544,653.9618723735242,2024-07-19,1,train,0.0,0.9995232987931149,0.0004767012068851681,1
MOD06_L2.A2024201.1720.061.2024202014833.hdf,20.699254679930693,33.30522722232771,19.82210911277833,256.62563872996463,270.84639860337666,738.5273716836676,2024-07-19,1,train,0.0,0.9990568121754075,0.0009431878245924963,1
MOD06_L2.A2024201.1725.061.2024202014721.hdf,16.982853173875903,24.43437202349532,21.217086548445234,240.0630691718771,270.87009440683505,631.1345453750787,2024-07-19,1,train,0.0,0.9988323676937721,0.0011676323062278773,1
MOD06_L2.A2024201.1900.061.2024202074857.hdf,18.11132614231576,21.45669774510764,19.48547884430122,199.6016124344119,266.7784423543435,646.8089706424781,2024-07-19,1,train,0.0,0.9989226368097821,0.0010773631902179176,1
MOD06_L2.A2024201.1905.061.2024202075549.hdf,9.958975875003818,9.397647233841036,17.402628838802965,110.71560623455794,280.00994852011536,857.5263351291858,2024-07-19,0,train,1.0,0.0,0.0,0
MOD06_L2.A2024202.1625.061.2024203051328.hdf,15.636627217226623,18.77502052776041,17.755266021530332,159.81484740282994,276.4132149333782,791.9079988247217,2024-07-20,2,train,0.0,0.0627976656433037,0.9372023343566963,1
MOD06_L2.A2024202.1800.061.2024203080057.hdf,19.88248289653722,27.05130065034309,16.831398265065253,163.80581639117514,263.3717072227082,643.9550151928944,2024-07-20,1,train,0.0,0.9994904427000366,0.0005095572999633761,1
MOD06_L2.A2024202.1805.061.2024203080732.hdf,9.463934845675483,11.288300933331328,17.812694816970136,105.29630725329044,283.7740412273233,811.115946039703,2024-07-20,0,train,1.0,0.0,0.0,0
MOD06_L2.A2024202.1940.061.2024203080304.hdf,15.460002021206336,18.887923652030143,17.88803050485386,155.33184490155136,267.4245692348886,691.8615162616863,2024-07-20,1,train,0.0,0.7336938740178162,0.2663061259821839,1
MOD06_L2.A2024203.1705.061.2024204015657.hdf,15.812910837828156,19.264470284447256,19.107465981812872,171.2458213808569,273.5104084440409,730.6237656651055,2024-07-21,2,train,0.0,0.04892018878870172,0.9510798112112984,1
MOD06_L2.A2024203.1710.061.2024204015452.hdf,14.703719386509285,18.236404599439364,17.99122801704341,171.83591526578013,271.10696013992856,618.104357322888,2024-07-21,1,train,0.0,0.6235748072891177,0.37642519271088226,1
MOD06_L2.A2024203.1840.061.2024204075359.hdf,13.542719606725136,20.222677175435347,15.737915398122489,126.6031734944528,272.8829421301343,787.0134589931874,2024-07-21,1,train,0.0,0.744456065416403,0.25554393458359703,1
MOD06_L2.A2024203.1845.061.2024204075834.hdf,12.88601047089222,17.004042669877656,20.04005799449144,155.01799265855286,266.42490436955813,660.785421212034,2024-07-21,1,train,0.0,0.8612165002138571,0.13878349978614296,1
MOD06_L2.A2024203.2020.061.2024204075705.hdf,10.55804138238709,13.724101007629876,22.245227282660228,130.07171394267294,261.6741919523902,637.5698150623663,2024-07-21,1,train,0.0,0.9999162982425988,8.370175740133229e-05,1
MOD06_L2.A2024204.0600.061.2024204192353.hdf,47.83848805159786,58.526184178001806,20.687708551266123,447.0971200401591,257.8301195086515,605.7784652242266,2024-07-22,1,train,0.0,0.999523625329151,0.0004763746708490116,1
MOD06_L2.A2024204.1745.061.2024205015710.hdf,13.509001048334667,18.261907054789926,18.5692108582291,127.56862733211996,275.88160360610345,732.5769275127084,2024-07-22,2,train,0.0,0.05060825733037289,0.9493917426696271,1
MOD06_L2.A2024204.1750.061.2024205015349.hdf,15.982845627343828,14.34594132368641,12.577156017966104,126.4536490977938,277.84875583009307,735.8182732016214,2024-07-22,0,train,0.8739417698839086,0.026574685909867578,0.09948354420622384,0
MOD06_L2.A2024204.1920.061.2024205081455.hdf,19.010385456032136,25.69269039606421,22.257209863543427,221.5179807639905,257.952978785439,622.1850202391497,2024-07-22,1,train,0.0,0.9996772777281867,0.0003227222718133296,1
MOD06_L2.A2024204.1925.061.2024205082047.hdf,12.940249055677256,13.37158528008602,17.030162941990067,141.9554229122835,270.5642474307624,727.340496826852,2024-07-22,1,train,0.0,0.7326123868278731,0.26738761317212684,1
MOD06_L2.A2024204.2100.061.2024205081315.hdf,15.76074732783176,18.887284520849462,22.675402939613868,202.2943318001653,257.6361511107352,604.8129757183838,2024-07-22,1,train,0.0,0.9996897172423971,0.00031028275760295,1
MOD06_L2.A2024205.1825.061.2024206075740.hdf,27.934074798419413,33.857062968809586,18.62098171405878,282.1778353185758,267.10349247006707,624.9682278543291,2024-07-23,1,train,0.0,0.9993955102618035,0.000604489738196467,1
MOD06_L2.A2024205.1830.061.2024206075750.hdf,13.842330823370697,11.714926891495136,14.64127988679163,128.32059409725065,281.02770010159657,852.1205598670631,2024-07-23,2,train,0.0,0.07227579362312082,0.9277242063768791,1
MOD06_L2.A2024205.2005.061.2024206075858.hdf,15.93661521288585,18.970645150977127,22.8186186237908,215.79066684708056,257.63626807406763,605.9274409356372,2024-07-23,1,train,0.0,0.9996715080996579,0.0003284919003422279,1
MOD06_L2.A2024206.1725.061.2024209043950.hdf,14.584852369192888,19.69436517499025,22.60578055494716,177.69828154924602,260.95138887516805,659.6518135705912,2024-07-24,1,train,0.0,0.9998204918141063,0.0001795081858937378,1
MOD06_L2.A2024206.1730.061.2024209044755.hdf,18.689626715144925,23.536403985779508,17.750008849284786,175.26021872927817,271.2312582093691,645.7748027575698,2024-07-24,1,train,0.0,0.7528640403003911,0.24713595969960886,1
MOD06_L2.A2024206.1905.061.2024209043732.hdf,20.9025614215034,22.88254195410572,18.550543452054963,203.7460968252254,260.55540879395085,595.9705827292235,2024-07-24,1,train,0.0,0.999505104479502,0.0004948955204979567,1
MOD06_L2.A2024206.1910.061.2024209044219.hdf,12.098892001025058,9.488274701355987,16.724911461327675,126.91274387389689,278.81945368291963,839.8579512897508,2024-07-24,2,train,0.0,0.06919052198022806,0.930809478019772,1
MOD06_L2.A2024207.1630.061.2024209061340.hdf,12.54260673178791,19.17179644957674,21.929195210302293,154.4909333745129,265.66396219858325,666.4813257054619,2024-07-25,1,train,0.0,0.9999389503919097,6.10496080902796e-05,1
MOD06_L2.A2024207.1805.061.2024209060916.hdf,17.961673924496743,20.437531244182026,17.80883738767183,188.93373256526,260.3787377974004,640.4096330922384,2024-07-25,1,train,0.0,0.9996136581615976,0.00038634183840241353,1
MOD06_L2.A2024207.1810.061.2024209061310.hdf,22.439011116161083,23.78755857372632,19.92198639574333,260.91090850055417,261.3545513756926,593.7096013729504,2024-07-25,1,train,0.0,0.9994520143938209,0.0005479856061790685,1
MOD06_L2.A2024207.1945.061.2024209062413.hdf,14.489176996597395,14.850426385770396,16.552733706441,141.34649791812672,270.73042547174737,733.9214409504201,2024-07-25,1,train,0.0,0.7344134268279412,0.2655865731720588,1
MOD06_L2.A2024208.1710.061.2024209060335.hdf,26.983006456302817,33.254917483219955,21.32063016411955,324.0671699069848,251.8043687061945,472.6904990098456,2024-07-26,1,train,0.0,0.9995142685796949,0.00048573142030507415,1
MOD06_L2.A2024208.1715.061.2024209055823.hdf,11.73880287699652,16.884168376676364,17.866619293361357,125.42095697428032,266.76329616631847,574.0745971094135,2024-07-26,1,train,0.0,0.7032753790539383,0.2967246209460616,1
MOD06_L2.A2024208.1845.061.2024209081021.hdf,20.479717396127125,27.486183123773607,16.297300972135254,211.1496068086556,266.04934125376894,700.1301997878585,2024-07-26,1,train,0.0,0.9994474903341308,0.0005525096658692006,1
MOD06_L2.A2024208.1850.061.2024209081629.hdf,16.823558462410986,18.48948250320102,16.341512989978792,159.84408377430435,271.54148159836586,750.3492823312897,2024-07-26,1,train,0.0,0.7465601417080286,0.2534398582919714,1
MOD06_L2.A2024208.2025.061.2024209082617.hdf,21.58305861405023,23.29901528693222,22.49002765716336,283.06408689503536,256.92116948535295,559.3027544829542,2024-07-26,1,train,0.0,0.9995337138334831,0.0004662861665169019,1
MOD06_L2.A2024209.1615.061.2024210021255.hdf,11.407852377827352,15.0291940108726,22.50007514393265,144.25796583350427,261.7897171290115,549.153628104482,2024-07-27,1,train,0.0,0.9995879042992258,0.0004120957007741102,1
MOD06_L2.A2024209.1750.061.2024210021317.hdf,25.06619205155812,25.921994386411416,18.29160837308272,250.73675573345167,264.3522458638072,611.5782879546882,2024-07-27,1,train,0.0,0.9994099126483301,0.0005900873516699171,1
MOD06_L2.A2024209.1755.061.2024210021356.hdf,11.63338906975113,11.779700644914826,14.356267394367702,112.28386630252396,275.1835988226667,755.9798318927799,2024-07-27,2,train,0.0,0.0616573152316105,0.9383426847683896,1
MOD06_L2.A2024209.1925.061.2024210081355.hdf,21.68137015298435,26.67264209238489,19.92830796492488,250.72864360557625,261.2616764671766,659.4083524911235,2024-07-27,1,train,0.0,0.999582265076853,0.00041773492314700335,1
MOD06_L2.A2024209.1930.061.2024210080508.hdf,13.430751475133585,11.608996591664653,18.950245768337503,154.8464986772019,266.5209502820544,691.3421721442398,2024-07-27,1,train,0.04726495023015187,0.7882166120589889,0.16451843771085936,1
MOD06_L2.A2024209.2105.061.2024210080239.hdf,16.791001799120494,15.840956834530097,22.982908831901977,232.70016823560965,255.5854929588568,578.037901878409,2024-07-27,1,train,0.0,0.9996195239862408,0.0003804760137592294,1
MOD06_L2.A2024210.1650.061.2024211014128.hdf,19.468355385683623,23.02344992602565,15.282586944330555,173.57292889001303,269.10101930362725,740.0172054510446,2024-07-28,1,train,0.0,0.9998294520022565,0.00017054799774357635,1
MOD06_L2.A2024210.1655.061.2024211013829.hdf,16.783409922738883,25.57327263125213,24.20571822613961,248.07524591826387,263.359342848622,565.0475453148707,2024-07-28,1,train,0.0,0.9995153369441703,0.00048466305582977763,1
MOD06_L2.A2024210.1830.061.2024211080653.hdf,16.782562855967587,21.12578402860043,21.94257316941641,203.70229358005253,259.91734738846753,567.7328451747097,2024-07-28,1,train,0.0,0.9995696044079682,0.00043039559203188166,1
MOD06_L2.A2024210.1835.061.2024211081505.hdf,9.813190017197527,8.14986074344853,18.836793992839223,113.17047745896669,277.94913425200866,838.3747061022419,2024-07-28,0,train,1.0,0.0,0.0,0
MOD06_L2.A2024210.2010.061.2024211080719.hdf,14.58877167572062,13.636345041970564,20.77448805058015,185.75360264862948,260.7371002670461,627.1298111373835,2024-07-28,1,train,0.0,0.9997043445466399,0.0002956554533601062,1
MOD06_L2.A2024211.1730.061.2024212013933.hdf,18.16868540075805,24.01104806189706,17.53679202161668,168.219614565671,264.8308633258912,680.6612068001995,2024-07-29,1,train,0.0,0.9995872805599989,0.0004127194400011071,1
MOD06_L2.A2024211.1735.061.2024212013527.hdf,11.848643299640614,15.50044832910288,24.676148506436043,168.46828549014452,255.6180053032731,501.69383751074497,2024-07-29,1,train,0.0,0.9996270376663988,0.0003729623336012013,1
MOD06_L2.A2024211.1910.061.2024212081903.hdf,14.92625779532087,16.495896430957274,21.580342797946003,186.78266328608527,263.76407098827804,655.9501632023079,2024-07-29,1,train,0.0,0.9998003509348911,0.0001996490651089204,1
MOD06_L2.A2024211.1915.061.2024212082925.hdf,12.070280638910056,9.916601861517416,17.198904403348028,131.7193345852687,278.641585223766,851.9854429304726,2024-07-29,2,train,0.0,0.0735311047800859,0.9264688952199142,1
MOD06_L2.A2024212.1630.061.2024213013608.hdf,16.115755877885512,22.095753177065703,19.715731138095915,193.87891541166303,259.5595769901301,682.0638509641414,2024-07-30,1,train,0.0,0.9998348911806804,0.0001651088193196333,1
MOD06_L2.A2024212.1635.061.2024213014325.hdf,12.87328737680181,18.548690351091103,22.706493614503177,168.05286283015596,260.89277139638943,604.8001887286385,2024-07-30,1,train,0.0,0.9997050973043958,0.0002949026956042578,1
MOD06_L2.A2024212.1810.061.2024213075359.hdf,18.92833517149585,23.04741334171661,21.147665827832768,247.1589630929212,257.2897705572341,604.2524782599368,2024-07-30,1,train,0.0,0.9995953376288418,0.00040466237115825644,1
MOD06_L2.A2024212.1815.061.2024213075442.hdf,15.532624926537355,16.302577255225714,18.073595538007226,168.61649088512843,271.1027563781772,704.3568067628443,2024-07-30,1,train,0.0,0.6954625403978438,0.3045374596021561,1
MOD06_L2.A2024212.1950.061.2024213075757.hdf,16.66880388402419,15.573389878298151,19.454982650353,193.23901636895096,261.9981604594541,642.1880010667397,2024-07-30,1,train,0.0,0.9995909540041128,0.00040904599588716155,1
MOD06_L2.A2024214.1615.061.2024215015835.hdf,16.998095266185974,24.62442656643717,20.463878761501164,221.7586692989724,261.5749306789967,661.1413828601516,2024-08-01,1,train,0.0,0.9996691748922855,0.00033082510771453627,1
MOD06_L2.A2024214.1620.061.2024215015507.hdf,12.378940435092185,15.812165327052483,24.994603671938297,167.89530100715132,255.2430750002295,481.5552687227005,2024-08-01,1,train,0.0,0.9996108336716817,0.00038916632831827635,1
MOD06_L2.A2024214.1755.061.2024215015811.hdf,19.490687926836408,22.854996282658625,18.680590737329133,241.8635455891028,268.20645134890583,708.3120802185039,2024-08-01,1,train,0.0,0.9991604443289834,0.0008395556710166764,1
MOD06_L2.A2024214.1800.061.2024215080120.hdf,10.948253413725496,9.548099892759607,17.90383106586469,116.62956336690785,276.56365878740326,796.843914707253,2024-08-01,2,train,0.0,0.06673429290552986,0.9332657070944701,1
MOD06_L2.A2024214.2110.061.2024215080503.hdf,16.685013538421266,17.65439723543706,22.066925361590226,194.9327345906185,252.1588483085743,561.7499988606845,2024-08-01,1,train,0.0,0.9996779819229938,0.0003220180770061834,1
MOD06_L2.A2024215.1655.061.2024218203634.hdf,18.0682399059749,22.68837255340121,20.71115980708501,219.68379765757763,260.9995917752421,668.5225551170444,2024-08-02,1,train,0.0,0.9997213899613433,0.00027861003865672213,1
MOD06_L2.A2024215.1700.061.2024218202705.hdf,12.908937475581082,18.218948204094747,16.373423364220223,105.27338502194438,269.2506144063791,616.3555484718705,2024-08-02,1,train,0.0,0.6371018017471823,0.3628981982528177,1
MOD06_L2.A2024215.1835.061.2024218202937.hdf,9.07998803736213,11.382101674707345,22.562900879838253,112.7783482434516,261.67693612934454,640.2636251290792,2024-08-02,1,train,0.0,0.9999618320289655,3.816797103454668e-05,1
MOD06_L2.A2024215.1840.061.2024218210406.hdf,9.058745195530513,8.084494673676502,18.16747823077708,98.0710074381224,279.22056695083666,854.8287394991466,2024-08-02,0,train,1.0,0.0,0.0,0
MOD06_L2.A2024216.1735.061.2024218201234.hdf,13.17272549136715,19.555888632535314,19.496885912235,143.55509850705016,263.3937903717669,694.0611137025282,2024-08-03,1,train,0.0,0.9996781255332886,0.0003218744667114824,1
MOD06_L2.A2024216.1740.061.2024218201230.hdf,12.98683098343179,20.804690353346256,22.34207441604529,154.62793147196996,252.9283356480228,455.7837373124908,2024-08-03,1,train,0.0,0.9995856772849403,0.00041432271505968877,1
MOD06_L2.A2024216.1915.061.2024218200939.hdf,13.055793313224378,17.034007402660833,21.29960218724629,156.51108107283167,263.1786418428019,672.0654551455392,2024-08-03,1,train,0.0,0.9999622440626488,3.7755937351202286e-05,1
MOD06_L2.A2024216.1920.061.2024218201843.hdf,7.66184948931671,7.519849407344839,18.451827227883925,90.81215544543144,282.40872768952795,896.8831871930981,2024-08-03,0,train,1.0,0.0,0.0,0
MOD06_L2.A2024217.1635.061.2024218201842.hdf,12.18051224887428,17.00366063578066,16.5430330024875,128.20279002492026,265.84857174900753,776.4489788031767,2024-08-04,1,train,0.0,0.9001771320136149,0.09982286798638505,1
MOD06_L2.A2024217.1640.061.2024218204135.hdf,17.505622933143115,20.629408721758,17.613888002522373,183.20611343074424,257.9551233135426,571.9449675790223,2024-08-04,1,train,0.0,0.9995171882698209,0.00048281173017903907,1
MOD06_L2.A2024217.1815.061.2024218202605.hdf,13.292802405231352,17.44354910455646,17.659355143787366,137.81021502760362,265.9480957351352,727.1616024425122,2024-08-04,1,train,0.0,0.8624213972368622,0.13757860276313788,1
MOD06_L2.A2024217.1820.061.2024218201736.hdf,14.217373797177029,21.842592775396746,18.169773546975904,160.97612106674603,266.22655113206747,666.7030232218418,2024-08-04,1,train,0.0,0.6705592360418312,0.3294407639581689,1
MOD06_L2.A2024217.1955.061.2024218201705.hdf,11.4895371054687,15.774714296829073,15.306647780251067,108.10691746003128,268.9908385925792,731.9679686300972,2024-08-04,1,train,0.0,0.7421425649116202,0.2578574350883798,1
MOD06_L2.A2024218.1720.061.2024219020730.hdf,22.1503634435449,26.07741404465551,20.41721038956655,244.68805834718785,261.7944454812787,595.8135893452542,2024-08-05,1,train,0.0,0.9994917558674884,0.0005082441325116107,1
MOD06_L2.A2024218.1855.061.2024219075231.hdf,10.39624980470858,14.820523555682785,19.06755516548944,116.8990610022226,262.2450675538694,656.6198656475357,2024-08-05,1,train,0.0,0.9579882743186331,0.04201172568136694,1
MOD06_L2.A2024218.1900.061.2024219075557.hdf,11.804925510676862,12.912429353080434,12.907315621809325,98.6280272552863,280.1843477151633,860.336002875577,2024-08-05,0,train,0.9974725877450925,0.0005827578589441825,0.001944654395963368,0
MOD06_L2.A2024218.2035.061.2024219075701.hdf,22.17217213760487,26.25125249503682,20.60826979815154,285.1261840314777,257.4373976977913,590.7053293416759,2024-08-05,1,train,0.0,0.9995279300844314,0.0004720699155685775,1
MOD06_L2.A2024219.1620.061.2024220204245.hdf,15.916821019866752,19.96566889243452,19.99518765398685,168.1524264813625,258.66453595867824,625.596237728078,2024-08-06,1,train,0.0,0.9997633437324702,0.00023665626752973883,1
MOD06_L2.A2024219.1625.061.2024220203809.hdf,18.380115552514592,17.87726949444832,16.209029754701508,177.75674325491292,272.851672999157,653.3879222783046,2024-08-06,1,train,0.0,0.6602895960496358,0.33971040395036417,1
MOD06_L2.A2024219.1800.061.2024220203948.hdf,20.577906402452268,24.18516432708345,18.23920373557684,212.7630494290985,266.15712684786195,658.7779078387956,2024-08-06,1,train,0.0,0.9993626519336231,0.000637348066376955,1
MOD06_L2.A2024219.1805.061.2024220203459.hdf,10.248364143865167,13.841675706170063,14.412449080460323,97.22710498429602,271.91884518597,723.0676248524865,2024-08-06,1,train,0.0,0.6947074586076833,0.3052925413923167,1
MOD06_L2.A2024219.1935.061.2024220203710.hdf,17.960441447318672,29.81547466649944,17.87594359756055,186.13986975179168,261.7676878574366,646.1914575757567,2024-08-06,1,train,0.0,0.999530139731703,0.0004698602682969449,1
MOD06_L2.A2024219.1940.061.2024220204946.hdf,11.003761612643055,14.122096702915815,17.306235927233775,127.08614675224916,276.10285563539946,832.5334653031764,2024-08-06,2,train,0.0,0.07724253429581909,0.9227574657041809,1
MOD06_L2.A2024220.1700.061.2024221015552.hdf,18.69464571251937,24.223764247483484,18.36712637144924,207.35632302416928,268.22511165782635,731.4914134549933,2024-08-07,1,train,0.0,0.9999540598961939,4.594010380606514e-05,1
MOD06_L2.A2024220.1705.061.2024221015601.hdf,22.677773012815887,26.499362104772263,15.135280413483372,194.559188320412,264.9012604508571,589.6308824021718,2024-08-07,1,train,0.0,0.9993121223305788,0.0006878776694212993,1
MOD06_L2.A2024220.1840.061.2024221074654.hdf,10.82532420215127,11.191081523566655,16.34843905986277,101.89786326364778,278.73820249768505,827.8261497842791,2024-08-07,2,train,0.0,0.06542867702402952,0.9345713229759705,1
MOD06_L2.A2024220.1845.061.2024221080039.hdf,9.095957553495037,8.417527164106733,15.17669757318868,79.1061229669338,275.974005298458,790.1702108050139,2024-08-07,0,train,1.0,0.0,0.0,0
MOD06_L2.A2024220.2015.061.2024221075354.hdf,16.814534417433897,28.7558962100524,22.24147169395718,190.9168453747528,252.3152980590476,548.4991275224309,2024-08-07,1,train,0.0,0.9996585840926907,0.00034141590730926024,1
MOD06_L2.A2024221.1600.061.2024222041656.hdf,14.42056869134115,24.26470433885704,22.903241146072688,173.18382114087285,253.922007484458,576.7056619356906,2024-08-08,1,train,0.0,0.9997118042693147,0.00028819573068528657,1
MOD06_L2.A2024221.1740.061.2024222041514.hdf,7.32479647689055,10.726506048776294,21.421782150397448,72.6547837403819,276.8487055592341,800.0157168480229,2024-08-08,0,train,1.0,0.0,0.0,0
MOD06_L2.A2024221.1745.061.2024222040952.hdf,16.97810493891005,15.860787295837808,14.567423253762804,139.3670508013748,269.3395633229793,652.4271452341638,2024-08-08,1,train,0.0,0.7281743765834864,0.27182562341651373,1
MOD06_L2.A2024221.1920.061.2024222075123.hdf,13.94887320208006,16.64426133702412,22.703663140852186,205.7585743807197,264.4252628567392,655.5928698238383,2024-08-08,1,train,0.0,0.9997423240563864,0.00025767594361357716,1
MOD06_L2.A2024221.1925.061.2024222075945.hdf,7.800644054902457,8.133142800634452,17.18399543110196,84.2150253591191,279.451502345486,836.5647969376798,2024-08-08,0,train,1.0,0.0,0.0,0
MOD06_L2.A2024222.1640.061.2024223015640.hdf,14.432625199054923,18.57827201741653,16.362537002626627,127.64038977069156,266.3987884792932,712.3514727260684,2024-08-09,1,train,0.0,0.8302480761584189,0.1697519238415811,1
MOD06_L2.A2024222.1645.061.2024223015415.hdf,16.634719706756535,16.968999697309183,19.235769403605016,194.78261605491647,269.3129232776555,711.9150671419234,2024-08-09,1,train,0.0,0.7623178050197676,0.23768219498023238,1
MOD06_L2.A2024222.1820.061.2024223074944.hdf,11.905541775138415,22.33656942370812,18.58960117908792,125.35452955294308,284.5782761478968,852.7889221020437,2024-08-09,2,train,0.0,0.05500904437534033,0.9449909556246596,1
MOD06_L2.A2024222.1825.061.2024223075523.hdf,9.996882467928057,11.648899823810511,17.148657257362636,106.23073866605216,273.94299435554603,765.6546898054994,2024-08-09,0,train,1.0,0.0,0.0,0
MOD06_L2.A2024222.2000.061.2024223075143.hdf,14.705543778485143,17.058836636345397,23.84077656637406,209.1382373093323,261.28642606018184,619.3841183312323,2024-08-09,1,train,0.0,0.9996767707717976,0.0003232292282023857,1
MOD06_L2.A2024223.1720.061.2024224015539.hdf,19.7923654640596,33.58973974342361,17.517651335596252,218.8453140303372,275.21541049484586,801.6695984625887,2024-08-10,2,train,0.0,0.3547684974260405,0.6452315025739596,1
MOD06_L2.A2024223.1725.061.2024224015511.hdf,10.571083996034982,19.52096184929936,29.12214857823617,167.29176449410463,263.51161744802084,611.4268795217662,2024-08-10,1,train,0.0,0.9997308163713422,0.0002691836286578425,1
MOD06_L2.A2024223.1900.061.2024224081139.hdf,17.796109853792352,25.02866607535708,20.66319819482987,202.2688001658304,269.1105882744596,676.0030189707852,2024-08-10,1,train,0.0,0.999016980038275,0.0009830199617250502,1
MOD06_L2.A2024223.1905.061.2024224081522.hdf,8.407393376535037,7.060087323350969,19.260116410999053,101.69800465356874,276.94153029714107,821.1004633264128,2024-08-10,0,train,1.0,0.0,0.0,0
MOD06_L2.A2024223.2040.061.2024224081547.hdf,21.14121573708228,24.114580828986675,24.84584640665116,324.99440318057736,252.4234963202689,515.7331439968938,2024-08-10,1,train,0.0,0.9995542600679522,0.00044573993204778705,1
MOD06_L2.A2024224.1625.061.2024225015158.hdf,11.727283284588063,11.082303139375496,18.82056083416647,148.71096702753653,280.104390542394,838.6933517144888,2024-08-11,2,train,0.0,0.06514510355155781,0.9348548964484422,1
MOD06_L2.A2024224.1630.061.2024225015431.hdf,19.719815871027933,25.12049705260202,21.286806325843884,286.5432817678232,254.43225392910608,486.876718340594,2024-08-11,1,train,0.0,0.9994913827625779,0.0005086172374221274,1
MOD06_L2.A2024224.1805.061.2024225075647.hdf,10.895871046311662,14.546799178204806,19.38205379224941,126.66012239388816,276.2218555737564,728.1917271659112,2024-08-11,2,train,0.0,0.05747650890033556,0.9425234910996645,1
MOD06_L2.A2024224.1940.061.2024225075936.hdf,17.775749721715382,22.01943339628572,25.561257551419256,247.620728974256,251.4356091246991,512.1376285111375,2024-08-11,1,train,0.0,0.9996230548050968,0.00037694519490316886,1
MOD06_L2.A2024224.1945.061.2024225081017.hdf,13.274351824676495,15.284402676392432,17.44355363855797,139.30017705485977,275.9062198165939,809.9612734667741,2024-08-11,2,train,0.0,0.07141000192773152,0.9285899980722685,1
MOD06_L2.A2024225.1705.061.2024226015654.hdf,7.680868144512462,12.097835336726313,27.16816589269456,92.01581462253232,269.7468487004789,700.8906841218504,2024-08-12,0,train,0.7591529481634621,0.23424355390527413,0.006603497931263838,0
MOD06_L2.A2024225.1710.061.2024226015459.hdf,15.050638444380246,17.50861606715681,16.15773438765765,136.7240505273076,271.0252435298826,621.6395269100135,2024-08-12,1,train,0.0,0.6295486996508532,0.37045130034914675,1
MOD06_L2.A2024225.1845.061.2024226080002.hdf,17.14568931553225,18.70094069601484,15.890954971061824,165.59999924294615,265.81716456124195,622.4983709840516,2024-08-12,1,train,0.0,0.9988847622133918,0.0011152377866081135,1
MOD06_L2.A2024225.1850.061.2024226080355.hdf,9.30967206468562,8.199614469564679,17.48939536425283,100.00772420831716,282.4353032151012,875.4446209099618,2024-08-12,0,train,1.0,0.0,0.0,0
MOD06_L2.A2024225.2020.061.2024226075745.hdf,13.851456095175209,16.169097479822366,18.715130956091794,158.43645737934716,260.37535444288915,667.2159120424441,2024-08-12,1,train,0.0,0.9999651785652831,3.482143471692403e-05,1
MOD06_L2.A2024226.1605.061.2024227020003.hdf,20.581536231647625,30.86112864818713,20.99859778251081,170.48959671846535,262.07294785142585,655.9376348218113,2024-08-13,1,train,0.0,0.9996632732907761,0.0003367267092239362,1
MOD06_L2.A2024226.1745.061.2024227015649.hdf,17.47496252944832,24.87496944535736,19.26149763718906,165.92249492318683,266.79196056191904,664.063039702806,2024-08-13,1,train,0.0,0.9991860309014395,0.0008139690985604346,1
MOD06_L2.A2024226.1750.061.2024227015438.hdf,15.962885013680593,20.541917747782552,20.21743593296572,194.11990559813228,261.43412926323435,554.1675206769478,2024-08-13,1,train,0.0,0.9994546124665756,0.0005453875334243378,1
MOD06_L2.A2024226.1925.061.2024227080215.hdf,17.580987045786397,20.16365984422842,16.198264851674253,182.92606778350472,269.0922777682845,712.9262584356084,2024-08-13,1,train,0.0,0.7991501668787354,0.20084983312126461,1
MOD06_L2.A2024226.2100.061.2024227080333.hdf,18.51850451039448,24.793267373897425,21.20600300691828,204.82702557966343,256.8779875527144,641.8614268873151,2024-08-13,1,train,0.0,0.9997344605343322,0.0002655394656677695,1
MOD06_L2.A2024227.1645.061.2024228024154.hdf,20.427779341675937,28.71705570820586,17.152460553786778,181.85768884568165,265.41414016599265,725.3381921783624,2024-08-14,1,train,0.0,0.9996202363854916,0.00037976361450840697,1
MOD06_L2.A2024227.1650.061.2024228024234.hdf,22.24375716163052,31.00273712300561,24.47118380326549,330.2847243443126,253.1582559945364,478.9682681557241,2024-08-14,1,train,0.0,0.9995321313923161,0.00046786860768384847,1
MOD06_L2.A2024227.2005.061.2024228080441.hdf,13.68899307912468,15.688040519661415,16.68323300179037,140.2252837564692,265.80574798003545,701.8789175536315,2024-08-14,1,train,0.0,0.7964909541463366,0.2035090458536634,1
MOD06_L2.A2024228.1725.061.2024229193912.hdf,23.69885682220609,30.935641062952847,17.605724209153895,224.21953055603484,260.389036669445,677.699166712148,2024-08-15,1,train,0.0,0.9996014189286537,0.00039858107134629824,1
MOD06_L2.A2024228.1730.061.2024229193706.hdf,17.11974185037636,19.68007550468347,18.70746064177427,177.0746068571963,270.2594175547183,674.0172619543112,2024-08-15,1,train,0.0,0.6455328459345048,0.3544671540654953,1
MOD06_L2.A2024228.1905.061.2024229202827.hdf,17.101138212349817,23.91589609787532,18.361763492034683,168.15083446754093,264.1495423446668,676.0366850957869,2024-08-15,1,train,0.0,0.9996478406009398,0.0003521593990602313,1
MOD06_L2.A2024228.1910.061.2024229194107.hdf,9.900896935894089,11.788022396094636,16.922365439362466,107.00990684404113,270.11350218323423,709.8808902698686,2024-08-15,1,train,0.0,0.7297479823660177,0.27025201763398227,1
MOD06_L2.A2024229.1630.061.2024230015742.hdf,20.996135328819403,23.99353192693445,19.91681077391591,225.3266591785906,261.6015897095094,631.1431142543994,2024-08-16,1,train,0.0,0.9995553495495946,0.00044465045040546417,1
MOD06_L2.A2024229.1635.061.2024230015316.hdf,19.97818926914764,23.893025607113312,22.20745025429085,271.34027044379906,266.7236588726646,596.3479926268659,2024-08-16,1,train,0.0,0.9993497055174109,0.0006502944825891485,1
MOD06_L2.A2024229.1805.061.2024230075123.hdf,16.96313688956679,25.88632164018647,24.26411767875811,202.20482735473044,255.39702492680223,618.6519617025463,2024-08-16,1,train,0.0,0.9997338624001002,0.0002661375998998702,1
MOD06_L2.A2024229.1810.061.2024230074931.hdf,22.41977413048605,24.19204126812381,18.24653607627801,246.396166192442,262.6887335407155,604.7672149381438,2024-08-16,1,train,0.0,0.9994100224771255,0.0005899775228744926,1
MOD06_L2.A2024229.1945.061.2024230074910.hdf,13.84157996922778,21.62105859147909,27.272656714501625,188.92081985871687,248.6161481600193,476.8858298615405,2024-08-16,1,train,0.0,0.9996635627951109,0.00033643720488906966,1
MOD06_L2.A2024229.1950.061.2024230080058.hdf,11.07640607577808,10.993543110975148,18.764812741515243,138.50208726218042,273.5219328309231,772.9763162136944,2024-08-16,2,train,0.016953528065201118,0.07423419549665759,0.9088122764381413,1
MOD06_L2.A2024230.1710.061.2024234133107.hdf,16.768821568071626,19.80773173235392,17.367538040995452,155.44822446898723,266.7583342262988,696.2266872831767,2024-08-17,1,train,0.0,0.8444086901544,0.1555913098456,1
MOD06_L2.A2024230.1715.061.2024234132607.hdf,17.48751534199105,27.331271541063263,21.37545956389492,259.42784717545044,261.94235808336816,549.0275691972531,2024-08-17,1,train,0.0,0.9994335524803754,0.0005664475196246033,1
MOD06_L2.A2024230.1850.061.2024234134530.hdf,12.839496082151552,17.90399573265317,21.50095490214055,160.57290140840897,258.5494145701068,581.5864944752258,2024-08-17,1,train,0.0,0.9996857132810041,0.0003142867189959219,1
MOD06_L2.A2024230.2025.061.2024234134707.hdf,15.82339656679862,20.909060130293813,20.54571680230436,187.77629198955472,258.92462655081,615.5932201858993,2024-08-17,1,train,0.0,0.9996932826804827,0.0003067173195172803,1
MYD06_L2.A2024182.1305.061.2024183152108.hdf,26.99953045410955,43.93700661958841,17.250093371911237,261.33668304494813,262.43226180609054,654.5913903551769,2024-06-30,1,train,0.0,0.9995005020506863,0.0004994979493137949,1
MYD06_L2.A2024182.1750.061.2024183152359.hdf,11.89732462218439,11.175107066394878,15.536267694877829,112.74195088661476,260.5800953978669,734.4220244743701,2024-06-30,1,train,0.0,0.9843983483953506,0.015601651604649462,1
MYD06_L2.A2024182.1925.061.2024183151843.hdf,16.188096585806576,21.28141743184364,14.038931997049648,131.6145154742348,272.1872425278543,762.189375738919,2024-06-30,1,train,0.0,0.7789136804681284,0.22108631953187163,1
MYD06_L2.A2024182.2100.061.2024183152857.hdf,20.63714561363682,28.17933323416507,20.468853909404,256.4824746172296,255.1482332140822,474.4416991171095,2024-06-30,1,train,0.0,0.9994894027393268,0.0005105972606731453,1
MYD06_L2.A2024182.2105.061.2024183153029.hdf,16.445880495348927,22.69614123722444,20.226939428182654,194.6063414608661,258.46777420531544,564.8578025728965,2024-06-30,1,train,0.0,0.9995664115238153,0.00043358847618475395,1
MYD06_L2.A2024182.2240.061.2024183154031.hdf,10.634481803906366,9.78470394024951,14.05317346896649,97.17476296787572,276.01614942954984,857.2605296040515,2024-06-30,2,train,0.0,0.09439709771674545,0.9056029022832546,1
MYD06_L2.A2024182.2245.061.2024183153425.hdf,17.99247215501779,22.753504466505152,16.0552072924718,179.97147713432994,264.9440248979645,690.8759337080903,2024-06-30,1,train,0.0,0.9995790818118405,0.0004209181881595317,1
MYD06_L2.A2024183.1345.061.2024184152851.hdf,25.42760971796084,37.83151406861547,13.22498280823732,177.20801360791808,264.19286358134195,719.9104071554258,2024-07-01,1,train,0.0,0.9995229244702862,0.00047707552971377147,1
MYD06_L2.A2024183.1830.061.2024184154015.hdf,14.083458367852396,15.66040994604364,18.133261915364177,143.24688636199937,257.6955396871581,659.5184096779121,2024-07-01,1,train,0.0,0.9999222381597388,7.776184026124402e-05,1
MYD06_L2.A2024183.2005.061.2024184153135.hdf,23.371334982459743,28.67046574054265,22.655865877549147,301.9906432534073,249.5332896032141,463.5067179615335,2024-07-01,1,train,0.0,0.9995467809108829,0.00045321908911718736,1
MYD06_L2.A2024183.2140.061.2024184153441.hdf,14.637444809174676,25.17839005440054,14.983688852921526,158.94293739953767,273.7720510923191,758.7677042768594,2024-07-01,2,train,0.0,0.11019954193841927,0.8898004580615807,1
MYD06_L2.A2024183.2145.061.2024184153527.hdf,20.2093300532029,24.72251400879385,16.467110621204476,207.3250178889621,263.1111763380868,630.6533875170351,2024-07-01,1,train,0.0,0.9994181222262905,0.0005818777737095444,1
MYD06_L2.A2024184.0930.061.2024184193403.hdf,32.633639551807626,47.85154465903751,17.599557046309783,286.5754988107995,256.2986584841583,652.3806613004384,2024-07-02,1,train,0.0,0.9995683495720457,0.00043165042795434547,1
MYD06_L2.A2024184.1910.061.2024185153833.hdf,19.92592148527429,22.33777695107725,21.26259663383846,258.26993979062803,254.66788042715416,589.4860144931397,2024-07-02,1,train,0.0,0.999598543495928,0.00040145650407196094,1
MYD06_L2.A2024184.2045.061.2024185153143.hdf,26.51311563282537,31.41625264086188,19.37421324934955,312.00357524675275,263.24875477310707,596.4801825743194,2024-07-02,1,train,0.0,0.9994191334867892,0.0005808665132107845,1
MYD06_L2.A2024184.2050.061.2024185153557.hdf,15.581402711850352,18.801663566391788,17.57551292450708,155.00297118753355,258.75873407942345,642.5595746568328,2024-07-02,1,train,0.0,0.9997909960797966,0.0002090039202034369,1
MYD06_L2.A2024184.2220.061.2024185153557.hdf,8.763860262203732,4.860608821193548,11.991487697913197,70.22008799335435,284.8406566643844,913.5819544650012,2024-07-02,0,train,1.0,0.0,0.0,0
MYD06_L2.A2024184.2225.061.2024185153956.hdf,16.39909744485478,17.55472444905881,14.16173673355411,146.5662951634252,266.4194606544152,705.5341826831819,2024-07-02,1,train,0.0,0.9650976614012654,0.034902338598734574,1
MYD06_L2.A2024185.1150.061.2024186151931.hdf,26.67905625438096,42.8275753755705,21.212422683725457,260.1375740675752,250.77526790739648,539.9500773139505,2024-07-03,1,train,0.0,0.9995890606443638,0.00041093935563622883,1
MYD06_L2.A2024185.1945.061.2024186152400.hdf,17.880535739352073,23.94593075473229,21.75213687356472,226.3288997304088,260.77086696108927,537.5146643795217,2024-07-03,1,train,0.0,0.9994892117726714,0.0005107882273287018,1
MYD06_L2.A2024185.1950.061.2024186153246.hdf,16.123501122767035,18.30456391018592,21.238095316061347,178.83339853895785,257.7493453203824,619.3546124976838,2024-07-03,1,train,0.0,0.999743429586776,0.00025657041322399806,1
MYD06_L2.A2024185.2125.061.2024186152954.hdf,21.532900449534115,28.591401447635047,14.84974630318335,217.4123678410932,267.8137041289101,672.340012348912,2024-07-03,1,train,0.0,0.9992649502886961,0.0007350497113038795,1
MYD06_L2.A2024185.2130.061.2024186154141.hdf,18.220849777127874,19.3343039939882,20.82584161269145,217.9253815316507,248.6743727235589,489.0894371677175,2024-07-03,1,train,0.0,0.9995942304942419,0.0004057695057580605,1
MYD06_L2.A2024185.2310.061.2024186153933.hdf,19.312414899155907,21.82292662682301,19.64510682771427,213.28173179337657,252.31467394689025,581.8063537743849,2024-07-03,1,train,0.0,0.9996469981931552,0.0003530018068447856,1
MYD06_L2.A2024187.1930.061.2024188153030.hdf,20.025778828061373,25.09538948959776,21.04344614237406,253.38400198529064,265.5523927324466,634.2327985274784,2024-07-05,1,train,0.0,0.9994124930133994,0.0005875069866005919,1
MYD06_L2.A2024187.1935.061.2024188153704.hdf,15.539356592062273,16.210268316293565,19.10024510210368,171.35085531278474,259.454219263067,641.7836324019237,2024-07-05,1,train,0.0,0.9998137762101758,0.0001862237898242695,1
MYD06_L2.A2024187.2110.061.2024188153033.hdf,17.7293191368561,28.58794901810163,22.233700902064665,223.31976855609005,259.12338752433425,558.0689274002182,2024-07-05,1,train,0.0,0.9995632329778082,0.0004367670221917369,1
MYD06_L2.A2024187.2245.061.2024188153649.hdf,8.03608080889123,6.273425055448737,12.04815581451496,68.20342036321424,282.53559238817434,885.4102327571868,2024-07-05,0,train,1.0,0.0,0.0,0
MYD06_L2.A2024187.2250.061.2024188154601.hdf,17.954952726917607,18.30921812322068,14.870574426553604,163.3800865008554,270.8095678125501,764.6839500967335,2024-07-05,1,train,0.0,0.8321622058956285,0.16783779410437152,1
MYD06_L2.A2024188.1035.061.2024190040516.hdf,38.05394187320824,51.8173443517591,15.764628774752495,301.9919352760815,259.173167847719,645.9402752228546,2024-07-06,1,train,0.0,0.9995307315496125,0.0004692684503875747,1
MYD06_L2.A2024188.1835.061.2024190041225.hdf,17.010035701614516,19.06594407611512,16.835335242376544,174.15702433305023,265.19452719153014,718.9724561101797,2024-07-06,1,train,0.0,0.9999650679398774,3.4932060122667434e-05,1
MYD06_L2.A2024188.2010.061.2024190040745.hdf,28.320336251105427,40.71030012385994,23.569329036956404,398.6479621987683,261.7797814841524,592.3625753721409,2024-07-06,1,train,0.0,0.9994774348872135,0.0005225651127865349,1
MYD06_L2.A2024188.2015.061.2024190041243.hdf,14.92086447652602,18.63170708204921,19.56652682958908,179.17353083361365,265.1379633886463,699.0367285783241,2024-07-06,1,train,0.0,0.9637398503812682,0.03626014961873184,1
MYD06_L2.A2024188.2150.061.2024190043855.hdf,12.613895826205049,17.962794610486373,13.005942141306,105.68532991495402,276.95533406820505,778.4865732096629,2024-07-06,0,train,0.913372155085463,0.01804949313067795,0.06857835178385907,0
MYD06_L2.A2024188.2155.061.2024190045547.hdf,17.121700547752326,19.769565896371347,19.870542129364804,188.60529769806743,258.02944672887133,630.3027668166247,2024-07-06,1,train,0.0,0.9997263244185606,0.0002736755814394,1
MYD06_L2.A2024189.1740.061.2024190153740.hdf,14.585205193141585,15.780026540478136,17.529919419916187,159.57764523714877,263.8189061480316,740.8611295808657,2024-07-07,1,train,0.0,0.9775596541321838,0.0224403458678162,1
MYD06_L2.A2024189.1915.061.2024190154033.hdf,18.46310598203728,26.651236314278425,22.38319899885521,256.821396295905,263.59866468541804,671.9671653142065,2024-07-07,1,train,0.0,0.9996194997579317,0.00038050024206823886,1
MYD06_L2.A2024189.2050.061.2024190153246.hdf,24.8495566878906,35.46217056641581,19.97987571763258,302.935708442151,265.9971397893387,607.1364941446748,2024-07-07,1,train,0.0,0.999382830503759,0.0006171694962410657,1
MYD06_L2.A2024189.2055.061.2024190153913.hdf,13.751470067576342,16.533930146465142,20.05108531818724,156.86045918438592,265.24053216790344,643.4782589953751,2024-07-07,1,train,0.0,0.9556681382100798,0.04433186178992026,1
MYD06_L2.A2024189.2230.061.2024190154209.hdf,10.182885131683744,9.028600017721368,14.701239888452124,97.90317830204673,271.8281300076287,784.761636237555,2024-07-07,1,train,0.0,0.7594070678383095,0.24059293216169061,1
MYD06_L2.A2024189.2235.061.2024190154818.hdf,14.609883078575184,15.300276965027646,16.558289284922136,144.65205356741484,262.0483276417781,673.1510926002697,2024-07-07,1,train,0.0,0.9976970146004929,0.0023029853995070906,1
MYD06_L2.A2024190.1820.061.2024194152427.hdf,13.426018886275315,12.44146252567641,18.209262758352224,153.31581971195618,263.58324170205924,728.45605180388,2024-07-08,1,train,0.0,0.9449689371640139,0.05503106283598611,1
MYD06_L2.A2024190.1955.061.2024194152650.hdf,21.4356250162811,28.566876005503925,19.67654712016552,260.71699341855606,269.9377277152525,679.8956871724898,2024-07-08,1,train,0.0,0.9990535667967155,0.0009464332032844619,1
MYD06_L2.A2024190.2130.061.2024194152225.hdf,12.887702718705006,18.057196610618607,10.035147855309845,99.99845795651002,281.3200012968628,812.8926864067051,2024-07-08,0,train,0.8760683950227944,0.02931939152301712,0.09461221345418852,0
MYD06_L2.A2024190.2135.061.2024194152425.hdf,13.207553103315863,19.142758371638635,19.41369630353184,146.18616050382585,265.5719561067126,637.1281557620752,2024-07-08,1,train,0.0,0.8855214750625422,0.11447852493745775,1
MYD06_L2.A2024191.0920.061.2024194160859.hdf,21.26488795452237,36.67923940520684,14.233157957136896,158.9412984281395,262.89214300880485,736.215738039583,2024-07-09,1,train,0.0,0.9995637169122902,0.00043628308770987933,1
MYD06_L2.A2024191.1900.061.2024194162716.hdf,10.766400871390717,11.906479322693324,17.90344061570325,112.0867408895149,264.220627586039,716.6821692274136,2024-07-09,1,train,0.04601164506756972,0.8433368402302354,0.11065151470219498,1
MYD06_L2.A2024191.2035.061.2024194165740.hdf,14.444018172532678,24.276577877904582,19.957116758512345,160.412731329667,276.9877645916822,720.2078392010089,2024-07-09,2,train,0.0,0.053809623970246336,0.9461903760297536,1
MYD06_L2.A2024191.2040.061.2024194165938.hdf,14.41251965632246,16.3961460350149,19.76504717316552,158.04041190687963,260.9932956098892,678.1324377682895,2024-07-09,1,train,0.0,0.999963144950793,3.685504920708398e-05,1
MYD06_L2.A2024191.2210.061.2024194163100.hdf,6.8323258050443965,4.892911433577634,9.629088406058012,43.932708606310186,286.3488947936876,940.2723438179098,2024-07-09,0,train,1.0,0.0,0.0,0
MYD06_L2.A2024191.2215.061.2024194162806.hdf,11.365479012167444,10.989403639826303,19.65958706246851,142.63528651792035,263.09505148647804,645.4428658491032,2024-07-09,1,train,0.0,0.9432964200477465,0.056703579952253516,1
MYD06_L2.A2024194.1920.061.2024195153729.hdf,18.33126611610936,26.679359823731595,18.515227335869884,216.99043281603792,269.94122703279027,667.1588897090174,2024-07-12,1,train,0.0,0.9974286738911885,0.0025713261088114695,1
MYD06_L2.A2024194.1925.061.2024195154316.hdf,23.466564993539937,25.862465862917084,14.697618755048705,195.7784126905256,261.17804729757154,673.6996971170768,2024-07-12,1,train,0.0,0.9995596567821715,0.0004403432178285295,1
MYD06_L2.A2024194.2100.061.2024195153903.hdf,24.61104241930464,28.571323482819857,15.548451611497244,206.77061614344265,264.6220042230743,614.4747979514079,2024-07-12,1,train,0.0,0.9994019283732901,0.0005980716267098856,1
MYD06_L2.A2024194.2235.061.2024195155543.hdf,10.949572129868306,6.476819093749203,12.048522940928605,84.97054149526849,283.40285039967785,903.948812096889,2024-07-12,0,train,1.0,0.0,0.0,0
MYD06_L2.A2024194.2240.061.2024195154615.hdf,15.59453854688353,15.67560479276864,21.290004113181386,201.98348341893228,256.9461089146589,545.0432761665751,2024-07-12,1,train,0.0,0.9995578474778796,0.00044215252212037825,1
MYD06_L2.A2024195.1025.061.2024197162317.hdf,32.26214222519362,45.00157500375723,12.657948608850962,208.78750679375224,258.7761126199275,631.161369707765,2024-07-13,1,train,0.0,0.999520551336204,0.00047944866379601744,1
MYD06_L2.A2024195.1825.061.2024197163054.hdf,15.102495020506636,17.154157415060276,17.00353546193448,146.28467821873463,262.6168268026886,662.3669004627673,2024-07-13,1,train,0.0,0.9999895294176245,1.0470582375456785e-05,1
MYD06_L2.A2024195.2000.061.2024197163017.hdf,18.72952704807233,30.353510743635223,21.81634394620064,263.5166190882679,259.9521323950539,549.9557987783742,2024-07-13,1,train,0.0,0.9994971655210458,0.0005028344789541251,1
MYD06_L2.A2024195.2005.061.2024197163049.hdf,22.10022916449731,23.431823378515134,15.107184207731756,190.1066430089797,266.2502954987831,684.2694525713305,2024-07-13,1,train,0.0,0.9994739551910103,0.000526044808989697,1
MYD06_L2.A2024195.2140.061.2024197163019.hdf,14.70598770707894,20.9846813215299,19.05411130386544,181.5321199153217,262.81860590771794,621.3004720458854,2024-07-13,1,train,0.0,0.9994699305457047,0.000530069454295382,1
MYD06_L2.A2024195.2145.061.2024197162935.hdf,13.320067933294068,15.96040887355494,22.644426382855503,169.23210783988807,259.93424936923293,600.3373220765252,2024-07-13,1,train,0.0,0.9997115437575971,0.0002884562424029691,1
MYD06_L2.A2024196.1730.061.2024197161836.hdf,12.581859186785463,13.421695754933337,13.601216133342804,102.28411997682588,262.08025741934034,722.5464529314773,2024-07-14,1,train,0.0,0.9748064316339995,0.025193568366000486,1
MYD06_L2.A2024196.1905.061.2024197162703.hdf,18.86707661466564,22.01014108360131,20.18643992957707,231.11355172954816,258.5714429492873,583.4346621477115,2024-07-14,1,train,0.0,0.9995360429814935,0.0004639570185065817,1
MYD06_L2.A2024196.2040.061.2024197162411.hdf,17.71909328776685,23.54122787788352,23.335754616798788,218.23899862776028,252.91595352521472,440.97770618942894,2024-07-14,1,train,0.0,0.9995500524443716,0.0004499475556284877,1
MYD06_L2.A2024196.2045.061.2024197161807.hdf,16.55249461760805,19.41906853804479,18.67005504013822,167.97817995122577,266.9341632560263,656.1102047371181,2024-07-14,1,train,0.0,0.658481874543944,0.341518125456056,1
MYD06_L2.A2024196.2220.061.2024197163149.hdf,9.822890114257296,10.918458057905571,18.573918168992872,121.42440836767744,272.5604346144046,778.6098741589176,2024-07-14,1,train,0.031416504760401476,0.7591652201381511,0.20941827510144742,1
MYD06_L2.A2024196.2225.061.2024197162631.hdf,18.48158786751896,19.37591043680101,21.49124256954127,236.861056478192,254.5341416034771,533.1266351993901,2024-07-14,1,train,0.0,0.9995576231419274,0.0004423768580726198,1
MYD06_L2.A2024197.1325.061.2024198153120.hdf,29.25170792244368,46.39340562160204,19.91730259735697,270.70001210434765,255.835515143368,581.5902312335488,2024-07-15,1,train,0.0,0.9995543256030835,0.0004456743969164339,1
MYD06_L2.A2024197.1810.061.2024198154327.hdf,15.269283390524258,22.99933379672177,21.540094219487525,170.0939732885426,255.79398528401543,626.0873112346093,2024-07-15,1,train,0.0,0.9997740084896719,0.00022599151032808994,1
MYD06_L2.A2024197.1945.061.2024198153504.hdf,18.013738030351757,21.50102098826171,18.95802036649176,197.56533781744844,262.884158436309,627.9117039995695,2024-07-15,1,train,0.0,0.999482317026828,0.0005176829731720618,1
MYD06_L2.A2024197.2120.061.2024198154635.hdf,22.452551241631014,32.79013816572305,19.082832397949584,296.45480047953845,261.81478621862334,549.1150531963023,2024-07-15,1,train,0.0,0.9993875648937072,0.0006124351062927855,1
MYD06_L2.A2024197.2125.061.2024198154726.hdf,15.154296123482906,17.067799649802033,17.06189438601804,150.2948707424102,268.7556202488849,638.3091647879095,2024-07-15,1,train,0.0,0.6339739496652966,0.36602605033470337,1
MYD06_L2.A2024198.0910.061.2024198193651.hdf,37.007058323203246,51.27942453632825,19.81878013176666,353.8739136183267,259.4071466131754,662.7184764869812,2024-07-16,1,train,0.0,0.9995493351953636,0.00045066480463640165,1
MYD06_L2.A2024198.1850.061.2024199153453.hdf,14.99629014156271,20.9491935386324,17.747373814164487,133.8976607492727,259.92434087189395,637.3578094233409,2024-07-16,1,train,0.0,0.9997280056739786,0.0002719943260214558,1
MYD06_L2.A2024198.2025.061.2024199153124.hdf,17.134222048033223,23.165836312375127,15.47861641762371,178.28604474176242,279.2409508060882,767.6255684459165,2024-07-16,2,train,0.0,0.0674864599390424,0.9325135400609575,1
MYD06_L2.A2024198.2030.061.2024199153245.hdf,12.978548600028423,18.293168273325417,17.460811630394723,148.08455415555028,265.46284667737564,674.2491774706499,2024-07-16,1,train,0.0,0.7271451972796772,0.27285480272032275,1
MYD06_L2.A2024198.2200.061.2024199153620.hdf,9.92054028453647,13.435139586431342,14.491543452300828,97.2387548634064,276.9053633117983,802.8780046516314,2024-07-16,0,train,1.0,0.0,0.0,0
MYD06_L2.A2024198.2205.061.2024199153610.hdf,12.071455326676,13.11921877345474,25.11617551569673,184.66956669583564,262.727403413046,601.7997876161428,2024-07-16,1,train,0.0,0.9996987004263993,0.00030129957360066343,1
MYD06_L2.A2024199.1930.061.2024200164210.hdf,15.668811696655254,23.134683005184343,14.969557560698483,133.52560917036348,273.7027002974756,749.7873775225687,2024-07-17,2,train,0.0,0.11824025128779568,0.8817597487122043,1
MYD06_L2.A2024199.2105.061.2024200164357.hdf,23.429367449021523,36.47567497767228,22.878609904755454,321.2766674773211,257.8320357265929,510.95845980769934,2024-07-17,1,train,0.0,0.9994962050284462,0.0005037949715538942,1
MYD06_L2.A2024199.2110.061.2024200164928.hdf,15.086573615621647,18.283659143985304,24.218025960910232,208.9751968937114,259.39766242224323,578.2427027367312,2024-07-17,1,train,0.0,0.9996336100921424,0.0003663899078576921,1
MYD06_L2.A2024199.2245.061.2024200164237.hdf,12.837887611648824,10.74787386506237,21.27193047924091,172.73562046795587,259.4299210300487,620.5004482736267,2024-07-17,1,train,0.0,0.9997739940404233,0.00022600595957670958,1
MYD06_L2.A2024199.2250.061.2024200164721.hdf,17.57532463306132,23.18172915159464,20.80573603923564,196.2278596109436,257.012026715327,637.3026047740569,2024-07-17,1,train,0.0,0.9997426147839992,0.00025738521600087127,1
MYD06_L2.A2024200.2005.061.2024201154636.hdf,14.193483961407685,24.22368218672389,20.084952865384498,197.3397819731448,276.8285851402252,732.6332606834447,2024-07-18,2,train,0.0,0.04739627673053258,0.9526037232694674,1
MYD06_L2.A2024200.2010.061.2024201155100.hdf,10.856237717531323,17.29156660708378,21.501204377135203,113.62006777802247,272.1849110874245,683.2313312448251,2024-07-18,1,train,0.0,0.7928249760963932,0.20717502390360673,1
MYD06_L2.A2024200.2145.061.2024201160155.hdf,16.676230413426296,28.351776406323733,19.45152533556177,206.37709366787163,260.30818680256743,593.471838658942,2024-07-18,1,train,0.0,0.999514544590312,0.0004854554096879979,1
MYD06_L2.A2024200.2150.061.2024201160502.hdf,15.34201016314341,20.9027975286355,20.92836826440121,181.9883413350788,261.41299334818723,605.2994269289218,2024-07-18,1,train,0.0,0.999624950725252,0.000375049274747911,1
MYD06_L2.A2024201.1910.061.2024202153322.hdf,18.85848401017548,27.02486723189613,18.03356703823131,222.75336984558703,273.2361990592435,759.2156219164408,2024-07-19,2,train,0.0,0.12484841621370052,0.8751515837862994,1
MYD06_L2.A2024201.1915.061.2024202153709.hdf,20.49401640787351,31.150830112279287,20.89808174977086,234.82715763026863,263.2887880344388,675.7745690831628,2024-07-19,1,train,0.0,0.9996278766938533,0.0003721233061467317,1
MYD06_L2.A2024201.2045.061.2024202153624.hdf,23.770783680235496,33.6910882143718,24.666719238435075,367.0176220328887,260.36285801312624,512.0830568084755,2024-07-19,1,train,0.0,0.9994642292746785,0.0005357707253215453,1
MYD06_L2.A2024201.2050.061.2024202153812.hdf,21.60221514858064,27.972078157199203,18.617519508524783,234.9586068434936,279.1641865981346,732.2003924245525,2024-07-19,2,train,0.0,0.07264607862058067,0.9273539213794193,1
MYD06_L2.A2024201.2225.061.2024202153857.hdf,7.413699439498354,6.939432746400161,15.295042530290518,75.10180070504938,282.5694917354249,892.321819668422,2024-07-19,0,train,1.0,0.0,0.0,0
MYD06_L2.A2024201.2230.061.2024202153926.hdf,15.961821907970185,18.854604721953123,19.028450150184337,184.4484333446668,263.1695000290474,626.9908991779799,2024-07-19,1,train,0.0,0.9994266372035335,0.0005733627964664979,1
MYD06_L2.A2024202.1950.061.2024203153954.hdf,14.953873045403125,22.636595980879445,19.26620437568123,173.1005102837064,275.1089771781044,719.5355202500851,2024-07-20,2,train,0.0,0.04386402880612118,0.9561359711938788,1
MYD06_L2.A2024202.1955.061.2024203154304.hdf,17.27519878901798,21.735835836313665,17.227991076363285,138.22885151585285,263.4032732193755,629.8612165314839,2024-07-20,1,train,0.0,0.9994121774411369,0.0005878225588631628,1
MYD06_L2.A2024202.2130.061.2024203153942.hdf,12.092878017535332,20.891374178225085,18.4617886877292,131.51486170714333,274.0191858756225,707.0620983597553,2024-07-20,2,train,0.0,0.05158274817886905,0.9484172518211309,1
MYD06_L2.A2024202.2135.061.2024203154319.hdf,17.998919824946828,26.10936912450797,14.68913100180191,142.39526514929233,264.9013643402923,716.338015116605,2024-07-20,1,train,0.0,0.9996372442752988,0.00036275572470126306,1
MYD06_L2.A2024203.1720.061.2024204154944.hdf,16.59432690292934,23.08435737361112,14.51353369731686,126.4299128501206,262.5355986179784,729.1487524779333,2024-07-21,1,train,0.0,0.9997834012488248,0.00021659875117529815,1
MYD06_L2.A2024203.1855.061.2024204154700.hdf,14.212577314138484,13.539997498376357,20.85784828415637,168.77333924002463,258.3408707391827,607.946603051532,2024-07-21,1,train,0.0,0.9997316614146935,0.0002683385853065308,1
MYD06_L2.A2024203.2030.061.2024204155307.hdf,20.111736443359256,30.772962214110454,22.69361544644101,301.046348021872,270.6709172833671,647.6022318722473,2024-07-21,1,train,0.0,0.9992561278364118,0.0007438721635882255,1
MYD06_L2.A2024203.2035.061.2024204155927.hdf,12.14003128384777,17.470747449061587,15.117390187224888,95.76269046363385,279.95966910684183,786.7990752118184,2024-07-21,2,train,0.0,0.05684953715586051,0.9431504628441395,1
MYD06_L2.A2024203.2210.061.2024204155545.hdf,12.808741463050422,16.73445972693892,18.438646480954333,147.45655472990728,265.3019959105113,662.7902086994766,2024-07-21,1,train,0.00019343619869194306,0.775424698184619,0.22438186561668907,1
MYD06_L2.A2024203.2215.061.2024204155828.hdf,12.89116326752128,18.69880257823909,22.666944459294992,154.1009079103684,260.03992161818314,602.514014151185,2024-07-21,1,train,0.0,0.9997284845097446,0.0002715154902553652,1
MYD06_L2.A2024204.1800.061.2024205153928.hdf,13.474562755584278,18.735519755006564,17.100389990946642,125.54741878576816,260.87914177697894,685.3190619372971,2024-07-22,1,train,0.0,0.9999546566444238,4.5343355576210046e-05,1
MYD06_L2.A2024204.1935.061.2024205153758.hdf,16.990394720167313,18.83742159305228,15.572830864703926,150.58305009611738,273.3265369814926,738.1171909644858,2024-07-22,2,train,0.0,0.09812727033740691,0.9018727296625931,1
MYD06_L2.A2024204.2110.061.2024205153346.hdf,24.14390167859891,33.300863992163904,19.65808868120371,317.5073907831275,266.70897617266746,568.3094044691255,2024-07-22,1,train,0.0,0.999297060444491,0.0007029395555090248,1
MYD06_L2.A2024204.2115.061.2024205153752.hdf,15.331950561259562,20.53199346520412,20.36877840207588,164.1933802962525,266.6223084410285,623.5662742071809,2024-07-22,1,train,0.0,0.9993343179500328,0.0006656820499672554,1
MYD06_L2.A2024204.2250.061.2024205155209.hdf,11.94131503350844,10.964495595297258,16.614649363622274,130.33234519574648,273.347600813966,769.042629222087,2024-07-22,2,train,0.0,0.06777123043510866,0.9322287695648914,1
MYD06_L2.A2024204.2255.061.2024205154957.hdf,14.753553178264976,17.697153220868543,19.315440229202,168.91631615919843,261.0997007844744,630.2886290372076,2024-07-22,1,train,0.0,0.9997591404244042,0.00024085957559583652,1
MYD06_L2.A2024205.1840.061.2024206155012.hdf,17.991748121186294,24.68563766667032,22.30788775339764,212.2893367799298,255.6985074722179,611.0359532897039,2024-07-23,1,train,0.0,0.9996980488799968,0.00030195112000319115,1
MYD06_L2.A2024205.2015.061.2024206154001.hdf,12.474698717373917,17.050650935375344,15.782014618477186,104.49536907822257,275.7730166279234,733.9196832818294,2024-07-23,2,train,0.0,0.053058813683075426,0.9469411863169246,1
MYD06_L2.A2024205.2020.061.2024206154458.hdf,21.37446951900146,28.35538035569381,17.130274462855677,197.05668862774948,261.5110363375552,660.8193444698869,2024-07-23,1,train,0.0,0.9995744405700724,0.00042555942992759916,1
MYD06_L2.A2024205.2150.061.2024206154536.hdf,16.342609616509407,26.887057565105643,14.633287372264224,168.52646775399407,274.1268942611023,741.7498000112313,2024-07-23,2,train,0.0,0.15636238900792643,0.8436376109920736,1
MYD06_L2.A2024205.2155.061.2024206155406.hdf,23.45254287257863,28.9898223261815,21.75014364028938,279.2952229833259,258.0265729891107,553.1441319142348,2024-07-23,1,train,0.0,0.9995230120687633,0.0004769879312367875,1
MYD06_L2.A2024206.1920.061.2024207154458.hdf,13.266723659098286,17.334989600664574,21.28222021766305,150.10261416513862,261.143738690238,650.9714211460758,2024-07-24,1,train,0.0,0.9998806461143244,0.00011935388567562279,1
MYD06_L2.A2024206.2055.061.2024207153844.hdf,16.906067333556063,21.73716259167748,22.44497950162642,211.8208690994478,261.6800390796707,552.7555801947879,2024-07-24,1,train,0.0,0.9995140752999577,0.0004859247000423153,1
MYD06_L2.A2024206.2100.061.2024207154337.hdf,18.28743853075844,24.58735983918256,18.86242167443364,170.4840985567901,258.3638028719379,597.0073605053051,2024-07-24,1,train,0.0,0.9996114098070178,0.00038859019298218255,1
MYD06_L2.A2024206.2235.061.2024207154734.hdf,14.370810989804816,15.320946117923748,14.519092193639764,127.45729940659248,270.66527908857825,752.9569638154237,2024-07-24,1,train,0.0,0.7554998193680491,0.24450018063195086,1
MYD06_L2.A2024207.2135.061.2024208154235.hdf,23.71809312218509,30.47706234721394,19.455986959406832,279.9024602408531,262.1071098459288,595.3727177938279,2024-07-25,1,train,0.0,0.9994471133328664,0.0005528866671336601,1
MYD06_L2.A2024207.2140.061.2024208154716.hdf,16.684601471142727,20.01242441490297,16.466860123215024,168.89283588465645,265.3943672108235,648.0618738562754,2024-07-25,1,train,0.0,0.9991999477723863,0.0008000522276136623,1
MYD06_L2.A2024208.1905.061.2024209163811.hdf,16.243723022384977,19.890037207913657,14.581713028954852,143.9525905713492,262.85569381778987,707.9690902541461,2024-07-26,1,train,0.0,0.9998008596983792,0.00019914030162077203,1
MYD06_L2.A2024208.2035.061.2024209162250.hdf,19.768135013169623,28.534014800567,24.80593097616828,314.9302224914413,262.1040747264305,527.7651573677391,2024-07-26,1,train,0.0,0.9994693281787478,0.000530671821252273,1
MYD06_L2.A2024208.2040.061.2024209162227.hdf,28.156268150070787,32.969428993461,18.881558627215647,323.9094836725866,257.65721460975874,541.4768669902832,2024-07-26,1,train,0.0,0.9994661498131789,0.0005338501868210325,1
MYD06_L2.A2024208.2215.061.2024209164124.hdf,9.79320375297259,10.16174681323856,15.347051162897404,91.27125088950103,280.8149167269312,880.9918885945442,2024-07-26,0,train,1.0,0.0,0.0,0
MYD06_L2.A2024208.2220.061.2024209164049.hdf,16.812997439112166,18.25677039803,20.69826670168972,206.74614228714896,258.30067650412275,565.767645776737,2024-07-26,1,train,0.0,0.999547923447881,0.0004520765521190107,1
MYD06_L2.A2024209.1940.061.2024210154746.hdf,19.902689451005703,27.903857332155987,22.51049731399524,240.5502737232025,263.2143677570184,576.7541782824867,2024-07-27,1,train,0.0,0.9995044763373039,0.0004955236626960831,1
MYD06_L2.A2024209.1945.061.2024210155415.hdf,26.01243849751616,29.82051902009536,17.241424773087374,238.6070585116192,261.6693215489795,639.2192947356677,2024-07-27,1,train,0.0,0.9995211242310901,0.0004788757689099515,1
MYD06_L2.A2024209.2120.061.2024210154335.hdf,16.12636401402024,20.036702541676352,20.251190326633782,172.07139004880773,261.640344951169,571.9125845488583,2024-07-27,1,train,0.0,0.9995055455348093,0.0004944544651907299,1
MYD06_L2.A2024209.2255.061.2024210155007.hdf,8.695207605735693,5.747989873417455,17.076000678411894,96.70938915764415,281.6255624897749,881.7226549744846,2024-07-27,0,train,1.0,0.0,0.0,0
MYD06_L2.A2024210.1845.061.2024211154620.hdf,19.88765981256488,25.097729434126705,18.20889810169427,215.1172021358792,261.7333696267051,620.658634593372,2024-07-28,1,train,0.0,0.9994892411432839,0.0005107588567161382,1
MYD06_L2.A2024210.2020.061.2024211153804.hdf,16.42968032952627,24.99954548021763,21.268755650361104,218.185476673967,265.919287880748,587.8734999495892,2024-07-28,1,train,0.0,0.9993672614948783,0.0006327385051217318,1
MYD06_L2.A2024210.2025.061.2024211154525.hdf,19.79183854403016,24.977075247880304,16.378969341860376,167.0946506348145,266.17647594044865,671.2224532009332,2024-07-28,1,train,0.0,0.9994281053127103,0.0005718946872896923,1
MYD06_L2.A2024210.2200.061.2024211154832.hdf,13.900435804024344,14.261206182673726,23.38212046380063,201.48116147718744,259.86585398619536,570.4890075399451,2024-07-28,1,train,0.0,0.9996036805746421,0.0003963194253579207,1
MYD06_L2.A2024210.2205.061.2024211155316.hdf,14.535569599154318,16.859695072618496,21.35463819363021,173.92566199318304,255.072247856966,572.1120364826697,2024-07-28,1,train,0.0,0.9996904401398004,0.0003095598601996105,1
MYD06_L2.A2024211.1750.061.2024212154449.hdf,15.953349231730044,21.767115152649467,16.854116504873538,149.06583267653815,261.30155456425564,729.1410043843566,2024-07-29,1,train,0.0,0.9998751635754437,0.00012483642455626216,1
MYD06_L2.A2024211.1925.061.2024212154616.hdf,13.031077372045536,19.72709621458625,21.126412756545523,153.35837494631187,266.0437995661796,647.5803872722585,2024-07-29,1,train,0.0,0.999875466504818,0.0001245334951821384,1
MYD06_L2.A2024211.2100.061.2024212153921.hdf,16.614179347137867,19.893702426649025,19.46559621629673,183.78877897176253,256.642958805558,466.1436852163853,2024-07-29,1,train,0.0,0.9994593328574854,0.0005406671425145358,1
MYD06_L2.A2024211.2105.061.2024212154430.hdf,18.66779008640632,24.78882057394855,22.03601469499373,225.23232531276548,257.516135220254,555.0748785230827,2024-07-29,1,train,0.0,0.9995778395192989,0.0004221604807011496,1
MYD06_L2.A2024211.2240.061.2024212154835.hdf,11.935813492265748,10.195680309179572,15.82635321574299,123.91685079984347,278.73839374319505,869.6665123150525,2024-07-29,2,train,0.0,0.08002576816629461,0.9199742318337054,1
MYD06_L2.A2024211.2245.061.2024212155522.hdf,15.889723620235864,16.73808604963958,20.54514698693317,188.71802445675587,258.5728437469006,624.6441704913619,2024-07-29,1,train,0.0,0.9997139545390386,0.0002860454609615088,1
MYD06_L2.A2024212.1830.061.2024213164724.hdf,18.4185905242773,24.19197616119529,19.87712789895172,224.6495487075904,258.301574955578,655.365415682394,2024-07-30,1,train,0.0,0.9996874290554595,0.0003125709445405283,1
MYD06_L2.A2024212.2005.061.2024213163156.hdf,12.66836418194649,19.21542424586329,18.53114696864732,130.31941965703223,263.88015482184346,608.4359935813776,2024-07-30,1,train,0.0,0.9992575832656901,0.0007424167343098545,1
MYD06_L2.A2024212.2140.061.2024213163317.hdf,13.678132413723748,21.7068262449394,16.842634573317117,143.7826775579494,276.01223138226305,776.3013636850291,2024-07-30,2,train,0.0,0.060079001546418875,0.9399209984535811,1
MYD06_L2.A2024212.2145.061.2024213163531.hdf,17.779877097666418,19.63261441412906,18.233043949510723,202.4635083571256,264.53983058911945,637.1223892141168,2024-07-30,1,train,0.0,0.9991343223395718,0.0008656776604282083,1
MYD06_L2.A2024214.1950.061.2024221172634.hdf,18.32642830521548,22.820871779467687,18.54476690415224,219.5145043439096,263.6483678495224,679.5687598366226,2024-08-01,1,train,0.0,0.9995274189355977,0.0004725810644022359,1
MYD06_L2.A2024214.2125.061.2024221172514.hdf,8.842348768558319,10.03641426014847,15.455308130082352,75.86598259870925,279.13436904843,800.6056922746233,2024-08-01,0,train,1.0,0.0,0.0,0
MYD06_L2.A2024214.2130.061.2024221170125.hdf,13.388609802185565,17.33322590440041,19.200323190900967,159.69154093276578,261.509047239173,655.4482650974469,2024-08-01,1,train,0.0,0.9999560458619435,4.39541380564733e-05,1
MYD06_L2.A2024214.2310.061.2024221170744.hdf,16.63383772868393,17.300495980073727,19.021491702670307,183.15848086654228,253.74097329262256,608.8502747047245,2024-08-01,1,train,0.0,0.9997218144162138,0.0002781855837862258,1
MYD06_L2.A2024215.2025.061.2024221172005.hdf,15.85687311751865,25.545021983064547,20.621334691596488,204.14595577174867,268.7378010782704,588.1893702329977,2024-08-02,1,train,0.0,0.9990379540666904,0.0009620459333096416,1
MYD06_L2.A2024215.2030.061.2024221172332.hdf,16.41487346985068,22.503426789946708,18.853442562064167,171.97360641696375,265.38456527484595,675.4775385830889,2024-08-02,1,train,0.0,0.9998447831198687,0.00015521688013136683,1
MYD06_L2.A2024215.2205.061.2024221172647.hdf,9.096099436959165,12.92507030461268,17.83935500830213,102.98815599249592,269.2539931875381,731.9559347848684,2024-08-02,1,train,0.016000014132925067,0.7661298151623784,0.21787017070469653,1
MYD06_L2.A2024215.2210.061.2024221172648.hdf,12.790010991218088,15.095636656448727,22.681838547274307,161.27758792995638,254.6720774065652,571.403723741729,2024-08-02,1,train,0.0,0.9997272987479927,0.00027270125200730037,1
MYD06_L2.A2024216.1755.061.2024221173201.hdf,17.6247114078452,19.169948724238903,18.218644748597303,201.5352739467714,262.79848700569164,697.6801737257314,2024-08-03,1,train,0.0,0.9997720820637683,0.00022791793623169323,1
MYD06_L2.A2024216.1930.061.2024221173249.hdf,21.174319940856908,26.566628324546656,20.40315123757347,254.7217862372363,261.9610033866702,623.7126823423631,2024-08-03,1,train,0.0,0.9995103998394582,0.0004896001605418426,1
MYD06_L2.A2024216.1935.061.2024221173353.hdf,12.519636038787556,15.181813960982703,17.008237037915222,120.58815664488962,261.3755324883314,699.2265765015167,2024-08-03,1,train,0.0,0.9920004450225641,0.007999554977435928,1
MYD06_L2.A2024216.2105.061.2024221173312.hdf,19.73148076214575,30.593017128357687,21.820811397312628,257.08808155788824,254.6384605256044,445.2226977184501,2024-08-03,1,train,0.0,0.9994996407918264,0.0005003592081736472,1
MYD06_L2.A2024216.2110.061.2024221173812.hdf,17.132918452678677,28.345666077702905,22.95516097257506,210.13813351615988,252.58273469836053,506.53414642511024,2024-08-03,1,train,0.0,0.9996101878952591,0.0003898121047409568,1
MYD06_L2.A2024216.2245.061.2024221174241.hdf,7.129909127238109,6.807209109551671,17.206263184852276,78.81091674753415,283.4036999689233,911.1355824422992,2024-08-03,0,train,1.0,0.0,0.0,0
MYD06_L2.A2024216.2250.061.2024221174454.hdf,14.251835085735358,15.516654263479072,17.598977855453256,146.5603792726656,261.2930195001609,630.8119069580073,2024-08-03,1,train,0.0,0.9998304403851204,0.00016955961487972627,1
MYD06_L2.A2024217.1835.061.2024221175059.hdf,17.34336197715248,17.29450624413276,16.507542439425638,174.93692789508424,259.9848576273507,644.952833807056,2024-08-04,1,train,0.0,0.9996158964957126,0.0003841035042873594,1
MYD06_L2.A2024217.2010.061.2024221174905.hdf,16.138993797317386,22.782200904139604,19.52867277958139,175.61903623719238,255.85365251608343,520.3731948366488,2024-08-04,1,train,0.0,0.9995519767537799,0.0004480232462201248,1
MYD06_L2.A2024217.2015.061.2024221174650.hdf,11.81242916881849,15.056328912851486,18.011197177116212,121.00062981840236,264.1655541807686,702.4108305662866,2024-08-04,1,train,0.02406405062310757,0.868712648554415,0.10722330082247748,1
MYD06_L2.A2024217.2150.061.2024221175148.hdf,16.607657171884487,27.515026007808075,15.85350911992292,172.23908690077533,269.69255797302867,712.705577164362,2024-08-04,1,train,0.0,0.9966975781855248,0.0033024218144751994,1
MYD06_L2.A2024217.2155.061.2024221175034.hdf,11.244999215899336,14.76623001793918,20.53359505075205,135.89435251299292,253.9998104017868,573.3287507809482,2024-08-04,1,train,0.0,0.9997695747046723,0.0002304252953277203,1
MYD06_L2.A2024218.1915.061.2024221180655.hdf,13.498452260586468,13.71423159792451,18.5753604477504,137.46696402839615,262.6282998709303,673.9207550902296,2024-08-05,1,train,0.0,0.9584310835946873,0.041568916405312684,1
MYD06_L2.A2024218.2050.061.2024221181349.hdf,26.38042951223408,31.695498271088,18.74153078222399,291.6816521094077,261.66977139219307,535.9332414319889,2024-08-05,1,train,0.0,0.9994099933968903,0.0005900066031097169,1
MYD06_L2.A2024218.2055.061.2024221175855.hdf,16.347995414461433,22.23868790294021,19.35017135044234,175.4797369379405,261.75112947269554,631.6859080713822,2024-08-05,1,train,0.0,0.999665582260941,0.00033441773905895476,1
MYD06_L2.A2024218.2230.061.2024221180644.hdf,9.94662765308462,12.261157672448514,13.13231758362944,84.37631550058005,281.993962738743,902.412246322844,2024-08-05,0,train,1.0,0.0,0.0,0
MYD06_L2.A2024218.2235.061.2024221180102.hdf,17.576813218290482,21.707946876592217,18.11025615440732,184.59074108587623,258.2691401964548,627.5533461118684,2024-08-05,1,train,0.0,0.9996570258234795,0.0003429741765204854,1
MYD06_L2.A2024219.1820.061.2024221181742.hdf,12.216721642402932,16.82368115329619,15.298678681208376,99.74850663738738,261.9910440966196,700.8675339237202,2024-08-06,1,train,0.0,0.988813980867059,0.011186019132941026,1
MYD06_L2.A2024219.1950.061.2024221181139.hdf,22.744855704110503,26.47249557648295,19.09026223256751,255.2371001807308,279.06116231546184,709.0321966484477,2024-08-06,2,train,0.0,0.10130012646018008,0.89869987353982,1
MYD06_L2.A2024219.1955.061.2024221180839.hdf,20.40020344459141,25.28655950636617,19.73174147362087,232.4565332587672,263.70453904022725,643.6857675907339,2024-08-06,1,train,0.0,0.9994938346640118,0.0005061653359882773,1
MYD06_L2.A2024219.2130.061.2024221180752.hdf,24.13430204502922,36.38655276962793,16.385459993786277,264.2064959708535,264.7240793033452,605.7291718696837,2024-08-06,1,train,0.0,0.9993630201865941,0.0006369798134059592,1
MYD06_L2.A2024219.2135.061.2024221180716.hdf,14.889619078120807,23.11514617183181,17.419367922870396,155.07296500518643,271.8310724910407,730.3493718719494,2024-08-06,1,train,0.0,0.6800601749965115,0.31993982500348844,1
MYD06_L2.A2024220.1900.061.2024227190208.hdf,9.396139948279052,14.182593278725676,19.92241108916124,93.92920446010746,261.00852126784594,649.1208896778048,2024-08-07,1,train,0.0,0.9978678426489593,0.0021321573510407,1
MYD06_L2.A2024220.2210.061.2024227190320.hdf,7.372030093756901,7.770655410373455,14.665984114735584,60.3943694780901,274.1169791697139,764.6678651372548,2024-08-07,0,train,1.0,0.0,0.0,0
MYD06_L2.A2024220.2215.061.2024227185733.hdf,12.288293228991348,14.722418303323003,20.0187830915426,152.9318702727481,270.49454556219644,703.5598699078026,2024-08-07,1,train,0.0,0.7719356081799006,0.22806439182009944,1
MYD06_L2.A2024221.1940.061.2024227202820.hdf,10.095450995729395,18.407893373761308,19.632531591469565,81.72892083839328,269.72335260872023,746.0586564915894,2024-08-08,1,train,0.0,0.8357384094785071,0.1642615905214929,1
MYD06_L2.A2024221.2120.061.2024227202101.hdf,12.505794913768034,16.52131347741577,25.49057008402318,173.32381546152658,264.79276682509953,639.5102771915341,2024-08-08,1,train,0.0,0.9997743842439348,0.0002256157560652256,1
MYD06_L2.A2024221.2250.061.2024227203133.hdf,7.371089826095611,5.307235999462963,13.108211333807558,60.45327106830972,283.9366828496168,883.3578016658892,2024-08-08,0,train,1.0,0.0,0.0,0
MYD06_L2.A2024222.2015.061.2024227205003.hdf,21.048379649835265,23.318692608703632,16.78306942050849,216.60248202402911,268.0654561688061,633.96568993338,2024-08-09,1,train,0.0,0.9990501813603114,0.0009498186396885808,1
MYD06_L2.A2024222.2020.061.2024227204650.hdf,7.6141167546971005,10.864587883606491,21.3053260731041,85.39409842301839,285.21965727475254,865.5173684515429,2024-08-09,0,train,1.0,0.0,0.0,0
MYD06_L2.A2024222.2155.061.2024227204911.hdf,12.061459038540638,21.01332906752797,18.857560337320063,148.68368087282116,270.19642051012306,716.3089503659602,2024-08-09,1,train,0.0,0.7235784899198657,0.2764215100801344,1
MYD06_L2.A2024222.2200.061.2024227205128.hdf,16.83574102618702,18.62853948817669,23.98605146203565,237.21675693685737,257.9281404800622,564.0359615924249,2024-08-09,1,train,0.0,0.9995914723211153,0.0004085276788846701,1
MYD06_L2.A2024223.1745.061.2024227204316.hdf,13.04482089369765,15.713091530717715,15.157189995427425,112.9505456060146,265.5745483365281,733.2724382835451,2024-08-10,1,train,0.0,0.8587638048582438,0.14123619514175625,1
MYD06_L2.A2024223.1920.061.2024227205324.hdf,18.22519382703371,20.35509448821533,22.8457906446303,243.2950437613203,261.6929577887295,624.5018927165994,2024-08-10,1,train,0.0,0.9995840880034573,0.00041591199654274,1
MYD06_L2.A2024223.2055.061.2024227204338.hdf,23.761145212335208,32.456016036649125,20.430272454075944,315.70568442340715,264.3885656238908,558.6811358299524,2024-08-10,1,train,0.0,0.99936566371183,0.0006343362881699666,1
MYD06_L2.A2024223.2100.061.2024227204900.hdf,11.588668994294888,17.784014464894284,25.083057956406105,157.8369856220228,264.7869588103531,608.030960959939,2024-08-10,1,train,0.0,0.9997105222714164,0.00028947772858354626,1
MYD06_L2.A2024223.2235.061.2024227210409.hdf,7.855527450703881,7.994917668558035,17.58230705756013,86.74791487329148,280.8157847578259,871.1907670260565,2024-08-10,0,train,1.0,0.0,0.0,0
MYD06_L2.A2024223.2240.061.2024227205524.hdf,16.963403474195907,20.05013184436507,24.94350861507767,254.23023217614792,249.55638702811305,485.9666155835162,2024-08-10,1,train,0.0,0.9996050116019946,0.00039498839800552847,1
MYD06_L2.A2024224.1825.061.2024227205958.hdf,12.72909389227153,14.432510235540786,12.678876970180545,96.12760036269285,278.8434973032581,867.093384609539,2024-08-11,0,train,0.9916241415030115,0.002360023313681601,0.006015835183306919,0
MYD06_L2.A2024224.2000.061.2024227211849.hdf,18.154718242465087,25.256071961582187,20.29637365927418,213.1338957604113,271.290472904795,695.0657155161454,2024-08-11,1,train,0.0,0.6363695568728461,0.3636304431271539,1
MYD06_L2.A2024224.2005.061.2024227210300.hdf,19.03190803460277,28.473569198889667,22.03136631637134,217.35490260190463,264.3541915229089,675.5840236764468,2024-08-11,1,train,0.0,0.9996922933813274,0.00030770661867267655,1
MYD06_L2.A2024224.2135.061.2024227210020.hdf,17.74552881003633,31.013264071455616,16.05314008808081,205.0376003866437,269.1120751281869,649.2588425448971,2024-08-11,1,train,0.0,0.9987540595144618,0.0012459404855381284,1
MYD06_L2.A2024224.2140.061.2024227210145.hdf,15.10281221956016,21.748797122895887,19.775416246228406,166.39310636364118,262.463449553441,590.1737403603458,2024-08-11,1,train,0.0,0.9994872214755961,0.0005127785244039407,1
MYD06_L2.A2024225.1905.061.2024227212238.hdf,10.015095906834729,16.35826218020014,27.509842712821094,129.72331486981884,265.1209596896715,672.7574223150087,2024-08-12,1,train,0.0,0.9998827649033941,0.00011723509660596989,1
MYD06_L2.A2024225.2040.061.2024227213354.hdf,20.44406919671305,29.28030557076572,21.395469661093184,258.7554294168399,270.12882719932713,643.6384573485286,2024-08-12,1,train,0.0,0.9992148399865644,0.0007851600134356934,1
MYD06_L2.A2024225.2045.061.2024227212738.hdf,15.904610598653164,21.254428463945025,18.74387801040048,167.6952401165453,259.6832425162356,602.7508271478466,2024-08-12,1,train,0.0,0.9996180945194204,0.0003819054805796321,1
MYD06_L2.A2024225.2220.061.2024227213144.hdf,13.963796392622944,16.795841867195694,16.109000549089547,140.02305162859415,268.30089192560627,676.3540119765935,2024-08-12,1,train,0.0,0.6773174944889944,0.3226825055110057,1
MYD06_L2.A2024226.1940.061.2024227211526.hdf,15.51612514965352,23.653829908510343,19.4309528484696,179.92694027024106,268.9940861156647,633.3199330865692,2024-08-13,1,train,0.0,0.9786658407576844,0.0213341592423156,1
MYD06_L2.A2024226.1945.061.2024227211407.hdf,13.662599171072648,19.579795576065937,21.987766188240247,119.4919837520686,268.5384675306832,674.7833449457299,2024-08-13,1,train,0.0,0.9530168915926657,0.0469831084073343,1
MYD06_L2.A2024226.2120.061.2024227211017.hdf,22.87548492118112,33.70142604050284,19.75212868390481,290.5614878707188,260.21191376388924,538.9733174169011,2024-08-13,1,train,0.0,0.9994372549056597,0.0005627450943403436,1
MYD06_L2.A2024226.2125.061.2024227211230.hdf,19.876540939974245,26.743252825545607,20.490278141923667,222.12279106748025,261.1606024729372,622.1249709337196,2024-08-13,1,train,0.0,0.9995827248015976,0.00041727519840236874,1
MYD06_L2.A2024226.2305.061.2024227211653.hdf,17.037492231307873,21.89961638924832,18.784603471204672,174.03871624403163,255.60526060144184,629.6174739602641,2024-08-13,1,train,0.0,0.9997427305262274,0.0002572694737725755,1
MYD06_L2.A2024227.1850.061.2024228162749.hdf,17.32420253898384,22.40486501115033,16.406042628293942,148.50028011664344,261.51546777666226,683.9617784368793,2024-08-14,1,train,0.0,0.9997061794681338,0.000293820531866194,1
MYD06_L2.A2024227.2020.061.2024228162035.hdf,23.45467115136887,30.8260746838866,23.279295770031244,336.5637297299921,262.70617620393386,531.3086094610172,2024-08-14,1,train,0.0,0.9994288387492033,0.0005711612507967277,1
MYD06_L2.A2024227.2025.061.2024228162507.hdf,22.37913646979667,26.167670735755006,21.01797018559007,263.74007581680684,259.4014066653708,560.5263029850311,2024-08-14,1,train,0.0,0.9994976192923972,0.0005023807076027271,1
MYD06_L2.A2024227.2200.061.2024228162023.hdf,9.634052908746051,14.964005325962995,15.023454815707442,91.099469593582,277.1625880068823,778.8249878294479,2024-08-14,0,train,0.9870446947986481,0.0020701106631086396,0.010885194538243279,0
MYD06_L2.A2024227.2205.061.2024228162530.hdf,16.945411002414776,22.78639990921037,15.245153810592836,149.49932585326198,266.29856253716207,681.5212503143428,2024-08-14,1,train,0.0,0.9995485696235156,0.0004514303764844375,1
MYD06_L2.A2024228.1925.061.2024229194118.hdf,19.263032360664063,22.992704673499382,27.299943314670195,286.00335016922,258.64379442839527,528.4261472141317,2024-08-15,1,train,0.0,0.9995601691430509,0.0004398308569490558,1
MYD06_L2.A2024228.1930.061.2024229194012.hdf,23.09979945528735,28.944127034364783,17.41705313689752,213.38299773611973,259.80099114008226,650.1489817050507,2024-08-15,1,train,0.0,0.9995833762484937,0.00041662375150638834,1
MYD06_L2.A2024228.2100.061.2024229201351.hdf,24.610888441164374,37.2077403622348,18.35445102760745,287.71533906317376,269.77677437995953,583.0290884083489,2024-08-15,1,train,0.0,0.9992160256373026,0.0007839743626974197,1
MYD06_L2.A2024228.2105.061.2024229202538.hdf,21.67133209821482,29.41219266906453,18.629073887758604,227.09059448490683,265.9090157718674,626.2414869490975,2024-08-15,1,train,0.0,0.9993654633314478,0.0006345366685522166,1
MYD06_L2.A2024228.2240.061.2024229201857.hdf,8.287087988084027,9.228861278426884,17.22426626330008,91.8178626182123,277.07735045073423,795.2412090558483,2024-08-15,0,train,1.0,0.0,0.0,0
MYD06_L2.A2024228.2245.061.2024229200437.hdf,13.132973513693058,15.423183241685743,21.892548050909333,180.8519163705588,257.57676141923,563.7857743098573,2024-08-15,1,train,0.0,0.9996363861065338,0.0003636138934662024,1
MYD06_L2.A2024229.1830.061.2024230154204.hdf,17.25084308682014,20.900397475943173,23.17969721682765,214.2614839534636,255.93910297521504,585.5803227286234,2024-08-16,1,train,0.0,0.9996653375569268,0.0003346624430732374,1
MYD06_L2.A2024229.2005.061.2024230153652.hdf,20.736593298905696,27.046294446683177,19.79172764613556,253.6423436580543,268.2036184205426,636.4176465005575,2024-08-16,1,train,0.0,0.9991811150064656,0.0008188849935344753,1
MYD06_L2.A2024229.2010.061.2024230153957.hdf,18.141116600505104,24.321370327986003,23.24618726442725,195.57509497598363,258.4622398192314,614.3060259478625,2024-08-16,1,train,0.0,0.9997020685014064,0.0002979314985936767,1
MYD06_L2.A2024229.2145.061.2024230153342.hdf,18.18939426830856,24.530193881329005,18.708910396823786,202.3132839115689,262.3412125618979,595.1273295355735,2024-08-16,1,train,0.0,0.9994286216260044,0.0005713783739956323,1
MYD06_L2.A2024229.2150.061.2024230154308.hdf,13.327176852501058,18.26886503728634,25.54171020175217,174.23949820696092,245.0538419079476,469.0420839812143,2024-08-16,1,train,0.0,0.9996819365635392,0.00031806343646078943,1
MYD06_L2.A2024230.1910.061.2024231155354.hdf,17.446782829165002,19.20025610182674,14.977184567848829,133.2010970264742,268.9806282676036,727.2081869785014,2024-08-17,1,train,0.0,0.8748923707224302,0.12510762927756985,1
MYD06_L2.A2024230.2045.061.2024231154437.hdf,17.92904141702184,27.73110290502396,21.99671515144544,257.8558255939174,265.7695678194796,598.5858655842623,2024-08-17,1,train,0.0,0.99940658803107,0.0005934119689299946,1
MYD06_L2.A2024230.2050.061.2024231155114.hdf,15.553458968680616,21.112642188925687,19.1187697685264,167.88372366881276,262.6835719899991,634.2332482766957,2024-08-17,1,train,0.0,0.9996518154124236,0.00034818458757644044,1
MYD06_L2.A2024230.2225.061.2024231155346.hdf,11.429223658057746,16.929859746728617,20.222547117885643,145.05753603111114,256.59254556451924,572.9660556338231,2024-08-17,1,train,0.0,0.9997124365976755,0.000287563402324506,1
MYD06_L2.A2024230.2230.061.2024231160256.hdf,14.98008925105837,17.322029724537785,18.23828972071316,167.1714390511102,255.80439055366696,582.0374472464164,2024-08-17,1,train,0.0,0.9996541467324139,0.0003458532675861298,1
